level	page_num	block_num	par_num	line_num	word_num	left	top	width	height	conf	text
1	1	0	0	0	0	0	0	3300	2550	-1	
2	1	1	0	0	0	1647	306	163	34	-1	
3	1	1	1	0	0	1647	306	163	34	-1	
4	1	1	1	1	0	1647	306	163	34	-1	
5	1	1	1	1	1	1647	306	85	27	96.901047	School
5	1	1	1	1	2	1740	306	70	34	96.973228	Pages
2	1	2	0	0	0	1027	456	86	29	-1	
3	1	2	1	0	0	1027	456	86	29	-1	
4	1	2	1	1	0	1027	456	86	29	-1	
5	1	2	1	1	1	1027	456	86	29	96.522034	Campus
2	1	3	0	0	0	2262	458	141	23	-1	
3	1	3	1	0	0	2262	458	141	23	-1	
4	1	3	1	1	0	2262	458	141	23	-1	
5	1	3	1	1	1	2262	458	81	23	96.846565	General
5	1	3	1	1	2	2353	458	50	23	96.965004	Fund
2	1	4	0	0	0	2945	458	57	24	-1	
3	1	4	1	0	0	2945	458	57	24	-1	
4	1	4	1	1	0	2945	458	57	24	-1	
5	1	4	1	1	1	2945	458	45	24	79.979019	Title
5	1	4	1	1	2	2998	458	4	23	93.304237	|
2	1	5	0	0	0	365	499	184	30	-1	
3	1	5	1	0	0	365	499	184	30	-1	
4	1	5	1	1	0	365	499	184	30	-1	
5	1	5	1	1	1	365	499	68	24	91.413986	PEIMS
5	1	5	1	1	2	441	499	37	30	93.193260	Org
5	1	5	1	1	3	488	500	61	23	91.558701	Descr
2	1	6	0	0	0	698	499	278	30	-1	
3	1	6	1	0	0	698	499	278	30	-1	
4	1	6	1	1	0	698	499	278	30	-1	
5	1	6	1	1	1	698	499	68	24	91.420120	PEIMS
5	1	6	1	1	2	774	499	37	30	90.182098	Org
5	1	6	1	1	3	832	499	86	29	90.182098	|Campus
5	1	6	1	1	4	926	500	50	29	96.973183	Type
2	1	7	0	0	0	1038	499	126	24	-1	
3	1	7	1	0	0	1038	499	126	24	-1	
4	1	7	1	1	0	1038	499	126	24	-1	
5	1	7	1	1	1	1038	499	63	24	96.360725	Grade
5	1	7	1	1	2	1110	500	54	23	96.686256	Level
2	1	8	0	0	0	1200	500	84	23	-1	
3	1	8	1	0	0	1200	500	84	23	-1	
4	1	8	1	1	0	1200	500	84	23	-1	
5	1	8	1	1	1	1200	500	84	23	95.592979	Division
2	1	9	0	0	0	1338	500	153	23	-1	
3	1	9	1	0	0	1338	500	153	23	-1	
4	1	9	1	1	0	1338	500	153	23	-1	
5	1	9	1	1	1	1338	500	72	23	96.546242	Feeder
5	1	9	1	1	2	1418	500	73	23	96.183289	Pattern
2	1	10	0	0	0	1663	500	98	29	-1	
3	1	10	1	0	0	1663	500	98	29	-1	
4	1	10	1	1	0	1663	500	98	29	-1	
5	1	10	1	1	1	1663	500	98	29	96.964684	Projected
2	1	11	0	0	0	1810	500	142	29	-1	
3	1	11	1	0	0	1810	500	142	29	-1	
4	1	11	1	1	0	1810	500	142	29	-1	
5	1	11	1	1	1	1810	500	47	23	92.948326	6100
5	1	11	1	1	2	1865	512	7	5	91.167053	-
5	1	11	1	1	3	1880	500	72	29	92.896042	Payroll
2	1	12	0	0	0	2053	500	63	23	-1	
3	1	12	1	0	0	2053	500	63	23	-1	
4	1	12	1	1	0	2053	500	63	23	-1	
5	1	12	1	1	1	2053	500	48	23	93.256302	6200
5	1	12	1	1	2	2109	512	7	5	91.686317	-
2	1	13	0	0	0	2204	499	313	29	-1	
3	1	13	1	0	0	2204	499	313	29	-1	
4	1	13	1	1	0	2204	499	313	29	-1	
5	1	13	1	1	1	2204	500	47	23	93.301590	6300
5	1	13	1	1	2	2259	499	99	29	88.154457	-Supplies
5	1	13	1	1	3	2366	495	10	37	95.835670	|
5	1	13	1	1	4	2388	500	47	23	93.299812	6400
5	1	13	1	1	5	2443	512	7	5	92.717827	-
5	1	13	1	1	6	2458	499	59	24	96.740341	Other
2	1	14	0	0	0	2541	499	142	29	-1	
3	1	14	1	0	0	2541	499	142	29	-1	
4	1	14	1	1	0	2541	499	142	29	-1	
5	1	14	1	1	1	2541	500	47	23	93.298195	6600
5	1	14	1	1	2	2596	512	7	5	90.839409	-
5	1	14	1	1	3	2611	499	72	29	96.797127	Capital
2	1	15	0	0	0	2728	499	123	24	-1	
3	1	15	1	0	0	2728	499	123	24	-1	
4	1	15	1	1	0	2728	499	123	24	-1	
5	1	15	1	1	1	2728	499	63	24	96.833351	Grand
5	1	15	1	1	2	2800	500	51	23	87.482132	Total
2	1	16	0	0	0	2922	500	107	23	-1	
3	1	16	1	0	0	2922	500	107	23	-1	
4	1	16	1	1	0	2922	500	107	23	-1	
5	1	16	1	1	1	2922	500	107	23	93.712959	Allocation
2	1	17	0	0	0	1652	539	115	23	-1	
3	1	17	1	0	0	1652	539	115	23	-1	
4	1	17	1	1	0	1652	539	115	23	-1	
5	1	17	1	1	1	1652	539	115	23	77.783752	Enrollment
2	1	18	0	0	0	1854	539	48	23	-1	
3	1	18	1	0	0	1854	539	48	23	-1	
4	1	18	1	1	0	1854	539	48	23	-1	
5	1	18	1	1	1	1854	539	48	23	95.896507	Cost
2	1	19	0	0	0	1993	539	176	23	-1	
3	1	19	1	0	0	1993	539	176	23	-1	
4	1	19	1	1	0	1993	539	176	23	-1	
5	1	19	1	1	1	1993	539	130	23	96.890442	Professional
5	1	19	1	1	2	2132	539	37	23	96.944984	and
2	1	20	0	0	0	2206	539	143	23	-1	
3	1	20	1	0	0	2206	539	143	23	-1	
4	1	20	1	1	0	2206	539	143	23	-1	
5	1	20	1	1	1	2206	539	38	23	96.836700	and
5	1	20	1	1	2	2253	539	96	23	95.861290	Materials
2	1	21	0	0	0	2397	539	103	29	-1	
3	1	21	1	0	0	2397	539	103	29	-1	
4	1	21	1	1	0	2397	539	103	29	-1	
5	1	21	1	1	1	2397	539	103	29	96.879196	Operating
2	1	22	0	0	0	2575	539	68	29	-1	
3	1	22	1	0	0	2575	539	68	29	-1	
4	1	22	1	1	0	2575	539	68	29	-1	
5	1	22	1	1	1	2575	539	68	29	96.930748	Outlay
2	1	23	0	0	0	2023	579	115	23	-1	
3	1	23	1	0	0	2023	579	115	23	-1	
4	1	23	1	1	0	2023	579	115	23	-1	
5	1	23	1	1	1	2023	579	115	23	96.573318	Contracted
2	1	24	0	0	0	2418	579	60	23	-1	
3	1	24	1	0	0	2418	579	60	23	-1	
4	1	24	1	1	0	2418	579	60	23	-1	
5	1	24	1	1	1	2418	579	60	23	96.976830	Costs
2	1	25	0	0	0	2036	618	90	24	-1	
3	1	25	1	0	0	2036	618	90	24	-1	
4	1	25	1	1	0	2036	618	90	24	-1	
5	1	25	1	1	1	2036	618	90	24	95.116241	Services
2	1	26	0	0	0	364	674	144	23	-1	
3	1	26	1	0	0	364	674	144	23	-1	
4	1	26	1	1	0	364	674	144	23	-1	
5	1	26	1	1	1	364	674	51	23	96.116493	West
5	1	26	1	1	2	424	674	45	23	96.838303	Briar
5	1	26	1	1	3	477	674	31	23	96.507721	MS
2	1	27	0	0	0	697	674	35	23	-1	
3	1	27	1	0	0	697	674	35	23	-1	
4	1	27	1	1	0	697	674	35	23	-1	
5	1	27	1	1	1	697	674	35	23	96.208382	099
2	1	28	0	0	0	833	674	91	23	-1	
3	1	28	1	0	0	833	674	91	23	-1	
4	1	28	1	1	0	833	674	91	23	-1	
5	1	28	1	1	1	833	674	91	23	92.204460	Non-NES
2	1	29	0	0	0	1039	673	136	24	-1	
3	1	29	1	0	0	1039	673	136	24	-1	
4	1	29	1	1	0	1039	673	136	24	-1	
5	1	29	1	1	1	1039	674	62	23	95.817680	Middle
5	1	29	1	1	2	1109	673	66	24	96.345695	School
2	1	30	0	0	0	1199	674	64	23	-1	
3	1	30	1	0	0	1199	674	64	23	-1	
4	1	30	1	1	0	1199	674	64	23	-1	
5	1	30	1	1	1	1199	674	64	23	95.939667	WEST
2	1	31	0	0	0	1336	673	130	24	-1	
3	1	31	1	0	0	1336	673	130	24	-1	
4	1	31	1	1	0	1336	673	130	24	-1	
5	1	31	1	1	1	1336	674	92	23	96.540810	Westside
5	1	31	1	1	2	1438	673	28	24	96.854080	HS
2	1	32	0	0	0	1733	674	35	23	-1	
3	1	32	1	0	0	1733	674	35	23	-1	
4	1	32	1	1	0	1733	674	35	23	-1	
5	1	32	1	1	1	1733	674	35	23	96.796883	952
2	1	33	0	0	0	1794	673	168	28	-1	
3	1	33	1	0	0	1794	673	168	28	-1	
4	1	33	1	1	0	1794	673	168	28	-1	
5	1	33	1	1	1	1794	673	10	26	32.591743	$
5	1	33	1	1	2	1833	674	129	27	55.800903	5454,511.00
2	1	34	0	0	0	1987	673	11	26	-1	
3	1	34	1	0	0	1987	673	11	26	-1	
4	1	34	1	1	0	1987	673	11	26	-1	
5	1	34	1	1	1	1987	673	11	26	74.384666	$
2	1	35	0	0	0	2065	674	110	27	-1	
3	1	35	1	0	0	2065	674	110	27	-1	
4	1	35	1	1	0	2065	674	110	27	-1	
5	1	35	1	1	1	2065	674	110	27	96.783882	449,156.00
2	1	36	0	0	0	2201	673	10	26	-1	
3	1	36	1	0	0	2201	673	10	26	-1	
4	1	36	1	1	0	2201	673	10	26	-1	
5	1	36	1	1	1	2201	673	10	26	89.233849	$
2	1	37	0	0	0	2247	674	108	26	-1	
3	1	37	1	0	0	2247	674	108	26	-1	
4	1	37	1	1	0	2247	674	108	26	-1	
5	1	37	1	1	1	2247	674	108	26	95.667297	197,589.00
2	1	38	0	0	0	2381	673	10	26	-1	
3	1	38	1	0	0	2381	673	10	26	-1	
4	1	38	1	1	0	2381	673	10	26	-1	
5	1	38	1	1	1	2381	673	10	26	83.096153	$
2	1	39	0	0	0	2431	674	85	27	-1	
3	1	39	1	0	0	2431	674	85	27	-1	
4	1	39	1	1	0	2431	674	85	27	-1	
5	1	39	1	1	1	2431	674	85	27	94.363533	6,000.00
2	1	40	0	0	0	2580	674	97	27	-1	
3	1	40	1	0	0	2580	674	97	27	-1	
4	1	40	1	1	0	2580	674	97	27	-1	
5	1	40	1	1	1	2580	674	97	27	96.909126	52,320.00
2	1	41	0	0	0	2702	673	168	28	-1	
3	1	41	1	0	0	2702	673	168	28	-1	
4	1	41	1	1	0	2702	673	168	28	-1	
5	1	41	1	1	1	2702	673	11	26	34.920624	$
5	1	41	1	1	2	2742	674	128	27	63.787079	6,159,576.00
2	1	42	0	0	0	2941	674	109	27	-1	
3	1	42	1	0	0	2941	674	109	27	-1	
4	1	42	1	1	0	2941	674	109	27	-1	
5	1	42	1	1	1	2941	674	109	27	96.483658	250,482.02
2	1	43	0	0	0	364	717	191	29	-1	
3	1	43	1	0	0	364	717	191	29	-1	
4	1	43	1	1	0	364	717	191	29	-1	
5	1	43	1	1	1	364	717	51	23	96.416267	West
5	1	43	1	1	2	424	717	95	29	95.489922	University
5	1	43	1	1	3	528	717	27	23	96.815712	ES
2	1	44	0	0	0	697	717	35	23	-1	
3	1	44	1	0	0	697	717	35	23	-1	
4	1	44	1	1	0	697	717	35	23	-1	
5	1	44	1	1	1	697	717	35	23	96.733932	255
2	1	45	0	0	0	833	717	91	23	-1	
3	1	45	1	0	0	833	717	91	23	-1	
4	1	45	1	1	0	833	717	91	23	-1	
5	1	45	1	1	1	833	717	91	23	93.072060	Non-NES
2	1	46	0	0	0	1039	717	110	29	-1	
3	1	46	1	0	0	1039	717	110	29	-1	
4	1	46	1	1	0	1039	717	110	29	-1	
5	1	46	1	1	1	1039	717	110	29	96.535110	Elementary
2	1	47	0	0	0	1199	717	103	23	-1	
3	1	47	1	0	0	1199	717	103	23	-1	
4	1	47	1	1	0	1199	717	103	23	-1	
5	1	47	1	1	1	1199	717	103	23	96.080971	CENTRAL
2	1	48	0	0	0	1338	717	98	23	-1	
3	1	48	1	0	0	1338	717	98	23	-1	
4	1	48	1	1	0	1338	717	98	23	-1	
5	1	48	1	1	1	1338	717	62	23	96.010078	Lamar
5	1	48	1	1	2	1408	717	28	23	96.010078	HS
2	1	49	0	0	0	1716	717	52	27	-1	
3	1	49	1	0	0	1716	717	52	27	-1	
4	1	49	1	1	0	1716	717	52	27	-1	
5	1	49	1	1	1	1716	717	52	27	96.664780	1,180
2	1	50	0	0	0	1794	717	10	26	-1	
3	1	50	1	0	0	1794	717	10	26	-1	
4	1	50	1	1	0	1794	717	10	26	-1	
5	1	50	1	1	1	1794	717	10	26	83.609299	$
2	1	51	0	0	0	1833	717	128	27	-1	
3	1	51	1	0	0	1833	717	128	27	-1	
4	1	51	1	1	0	1833	717	128	27	-1	
5	1	51	1	1	1	1833	717	128	27	91.813622	6,864,087.00
2	1	52	0	0	0	1987	716	11	27	-1	
3	1	52	1	0	0	1987	716	11	27	-1	
4	1	52	1	1	0	1987	716	11	27	-1	
5	1	52	1	1	1	1987	716	11	27	91.552612	$
2	1	53	0	0	0	2065	717	109	27	-1	
3	1	53	1	0	0	2065	717	109	27	-1	
4	1	53	1	1	0	2065	717	109	27	-1	
5	1	53	1	1	1	2065	717	109	27	96.611786	448,810.00
2	1	54	0	0	0	2201	717	10	26	-1	
3	1	54	1	0	0	2201	717	10	26	-1	
4	1	54	1	1	0	2201	717	10	26	-1	
5	1	54	1	1	1	2201	717	10	26	76.970100	$
2	1	55	0	0	0	2257	717	98	27	-1	
3	1	55	1	0	0	2257	717	98	27	-1	
4	1	55	1	1	0	2257	717	98	27	-1	
5	1	55	1	1	1	2257	717	98	27	94.713135	68,211.00
2	1	56	0	0	0	2381	717	10	26	-1	
3	1	56	1	0	0	2381	717	10	26	-1	
4	1	56	1	1	0	2381	717	10	26	-1	
5	1	56	1	1	1	2381	717	10	26	83.609299	$
2	1	57	0	0	0	2433	717	83	27	-1	
3	1	57	1	0	0	2433	717	83	27	-1	
4	1	57	1	1	0	2433	717	83	27	-1	
5	1	57	1	1	1	2433	717	83	27	96.191612	1,000.00
2	1	58	0	0	0	2581	717	95	27	-1	
3	1	58	1	0	0	2581	717	95	27	-1	
4	1	58	1	1	0	2581	717	95	27	-1	
5	1	58	1	1	1	2581	717	95	27	96.592735	11,800.00
2	1	59	0	0	0	2702	716	168	28	-1	
3	1	59	1	0	0	2702	716	168	28	-1	
4	1	59	1	1	0	2702	716	168	28	-1	
5	1	59	1	1	1	2702	716	11	27	53.913361	$
5	1	59	1	1	2	2742	717	128	27	56.658978	7,393,908.00
2	1	60	0	0	0	3019	730	7	3	-1	
3	1	60	1	0	0	3019	730	7	3	-1	
4	1	60	1	1	0	3019	730	7	3	-1	
5	1	60	1	1	1	3019	730	7	3	87.519112	-
2	1	61	0	0	0	364	760	131	29	-1	
3	1	61	1	0	0	364	760	131	29	-1	
4	1	61	1	1	0	364	760	131	29	-1	
5	1	61	1	1	1	364	760	94	29	96.553978	Westbury
5	1	61	1	1	2	467	760	28	23	96.588280	HS
2	1	62	0	0	0	697	760	35	23	-1	
3	1	62	1	0	0	697	760	35	23	-1	
4	1	62	1	1	0	697	760	35	23	-1	
5	1	62	1	1	1	697	760	35	23	96.951195	017
2	1	63	0	0	0	833	760	43	23	-1	
3	1	63	1	0	0	833	760	43	23	-1	
4	1	63	1	1	0	833	760	43	23	-1	
5	1	63	1	1	1	833	760	43	23	96.804337	NES
2	1	64	0	0	0	1039	760	117	29	-1	
3	1	64	1	0	0	1039	760	117	29	-1	
4	1	64	1	1	0	1039	760	117	29	-1	
5	1	64	1	1	1	1039	760	43	29	96.928146	High
5	1	64	1	1	2	1090	760	66	23	96.902718	School
2	1	65	0	0	0	1199	760	64	23	-1	
3	1	65	1	0	0	1199	760	64	23	-1	
4	1	65	1	1	0	1199	760	64	23	-1	
5	1	65	1	1	1	1199	760	64	23	96.572548	WEST
2	1	66	0	0	0	1336	760	131	29	-1	
3	1	66	1	0	0	1336	760	131	29	-1	
4	1	66	1	1	0	1336	760	131	29	-1	
5	1	66	1	1	1	1336	760	94	29	96.411949	Westbury
5	1	66	1	1	2	1439	760	28	23	96.816605	HS
2	1	67	0	0	0	1716	760	49	27	-1	
3	1	67	1	0	0	1716	760	49	27	-1	
4	1	67	1	1	0	1716	760	49	27	-1	
5	1	67	1	1	1	1716	760	49	27	96.775574	1,801
2	1	68	0	0	0	1794	760	10	26	-1	
3	1	68	1	0	0	1794	760	10	26	-1	
4	1	68	1	1	0	1794	760	10	26	-1	
5	1	68	1	1	1	1794	760	10	26	81.273911	$
2	1	69	0	0	0	1823	760	138	27	-1	
3	1	69	1	0	0	1823	760	138	27	-1	
4	1	69	1	1	0	1823	760	138	27	-1	
5	1	69	1	1	1	1823	760	138	27	88.231049	15,637,372.00
2	1	70	0	0	0	1987	759	11	27	-1	
3	1	70	1	0	0	1987	759	11	27	-1	
4	1	70	1	1	0	1987	759	11	27	-1	
5	1	70	1	1	1	1987	759	11	27	91.356476	$
2	1	71	0	0	0	2048	760	126	27	-1	
3	1	71	1	0	0	2048	760	126	27	-1	
4	1	71	1	1	0	2048	760	126	27	-1	
5	1	71	1	1	1	2048	760	126	27	86.486458	1,529,164.00
2	1	72	0	0	0	2246	760	109	27	-1	
3	1	72	1	0	0	2246	760	109	27	-1	
4	1	72	1	1	0	2246	760	109	27	-1	
5	1	72	1	1	1	2246	760	109	27	93.788612	778,337.00
2	1	73	0	0	0	2418	760	98	27	-1	
3	1	73	1	0	0	2418	760	98	27	-1	
4	1	73	1	1	0	2418	760	98	27	-1	
5	1	73	1	1	1	2418	760	98	27	96.617607	20,000.00
2	1	74	0	0	0	2591	760	85	27	-1	
3	1	74	1	0	0	2591	760	85	27	-1	
4	1	74	1	1	0	2591	760	85	27	-1	
5	1	74	1	1	1	2591	760	85	27	96.798882	6,000.00
2	1	75	0	0	0	2702	759	168	28	-1	
3	1	75	1	0	0	2702	759	168	28	-1	
4	1	75	1	1	0	2702	759	168	28	-1	
5	1	75	1	1	1	2702	759	11	27	77.731239	$
5	1	75	1	1	2	2731	760	139	27	81.769814	17,970,873.00
2	1	76	0	0	0	2941	760	110	27	-1	
3	1	76	1	0	0	2941	760	110	27	-1	
4	1	76	1	1	0	2941	760	110	27	-1	
5	1	76	1	1	1	2941	760	110	27	78.845299	695,405.17
2	1	77	0	0	0	364	803	129	23	-1	
3	1	77	1	0	0	364	803	129	23	-1	
4	1	77	1	1	0	364	803	129	23	-1	
5	1	77	1	1	1	364	803	91	23	96.502312	Westside
5	1	77	1	1	2	465	803	28	23	96.953453	HS
2	1	78	0	0	0	697	803	35	23	-1	
3	1	78	1	0	0	697	803	35	23	-1	
4	1	78	1	1	0	697	803	35	23	-1	
5	1	78	1	1	1	697	803	35	23	96.815971	036
2	1	79	0	0	0	833	803	91	23	-1	
3	1	79	1	0	0	833	803	91	23	-1	
4	1	79	1	1	0	833	803	91	23	-1	
5	1	79	1	1	1	833	803	91	23	93.107872	Non-NES
2	1	80	0	0	0	1039	803	117	29	-1	
3	1	80	1	0	0	1039	803	117	29	-1	
4	1	80	1	1	0	1039	803	117	29	-1	
5	1	80	1	1	1	1039	803	43	29	96.983040	High
5	1	80	1	1	2	1090	803	66	23	96.715263	School
2	1	81	0	0	0	1199	803	64	23	-1	
3	1	81	1	0	0	1199	803	64	23	-1	
4	1	81	1	1	0	1199	803	64	23	-1	
5	1	81	1	1	1	1199	803	64	23	96.575981	WEST
2	1	82	0	0	0	1336	803	130	23	-1	
3	1	82	1	0	0	1336	803	130	23	-1	
4	1	82	1	1	0	1336	803	130	23	-1	
5	1	82	1	1	1	1336	803	92	23	96.567360	Westside
5	1	82	1	1	2	1437	803	29	23	96.891373	HS
2	1	83	0	0	0	1714	804	54	26	-1	
3	1	83	1	0	0	1714	804	54	26	-1	
4	1	83	1	1	0	1714	804	54	26	-1	
5	1	83	1	1	1	1714	804	54	26	95.509552	2,626
2	1	84	0	0	0	1794	803	10	26	-1	
3	1	84	1	0	0	1794	803	10	26	-1	
4	1	84	1	1	0	1794	803	10	26	-1	
5	1	84	1	1	1	1794	803	10	26	82.542564	$
2	1	85	0	0	0	1823	803	138	27	-1	
3	1	85	1	0	0	1823	803	138	27	-1	
4	1	85	1	1	0	1823	803	138	27	-1	
5	1	85	1	1	1	1823	803	138	27	89.947525	15,390,312.00
2	1	86	0	0	0	1987	802	11	27	-1	
3	1	86	1	0	0	1987	802	11	27	-1	
4	1	86	1	1	0	1987	802	11	27	-1	
5	1	86	1	1	1	1987	802	11	27	91.426025	$
2	1	87	0	0	0	2048	803	126	27	-1	
3	1	87	1	0	0	2048	803	126	27	-1	
4	1	87	1	1	0	2048	803	126	27	-1	
5	1	87	1	1	1	2048	803	126	27	82.572327	1,348,645.00
2	1	88	0	0	0	2246	803	109	27	-1	
3	1	88	1	0	0	2246	803	109	27	-1	
4	1	88	1	1	0	2246	803	109	27	-1	
5	1	88	1	1	1	2246	803	109	27	94.900932	395,982.00
2	1	89	0	0	0	2419	803	97	27	-1	
3	1	89	1	0	0	2419	803	97	27	-1	
4	1	89	1	1	0	2419	803	97	27	-1	
5	1	89	1	1	1	2419	803	97	27	96.676422	34,000.00
2	1	90	0	0	0	2579	803	97	27	-1	
3	1	90	1	0	0	2579	803	97	27	-1	
4	1	90	1	1	0	2579	803	97	27	-1	
5	1	90	1	1	1	2579	803	97	27	95.513206	28,460.00
2	1	91	0	0	0	2702	802	168	28	-1	
3	1	91	1	0	0	2702	802	168	28	-1	
4	1	91	1	1	0	2702	802	168	28	-1	
5	1	91	1	1	1	2702	802	11	27	78.769714	$
5	1	91	1	1	2	2731	803	139	27	78.769714	17,197,399.00
2	1	92	0	0	0	2941	803	109	27	-1	
3	1	92	1	0	0	2941	803	109	27	-1	
4	1	92	1	1	0	2941	803	109	27	-1	
5	1	92	1	1	1	2941	803	109	27	88.637085	664,982.45
2	1	93	0	0	0	364	846	219	23	-1	
3	1	93	1	0	0	364	846	219	23	-1	
4	1	93	1	1	0	364	846	219	23	-1	
5	1	93	1	1	1	364	846	83	23	93.236671	Wharton
5	1	93	1	1	2	456	846	32	23	92.124321	K-8
5	1	93	1	1	3	498	846	42	23	96.012817	Dual
5	1	93	1	1	4	549	846	34	23	96.679207	Lan
2	1	94	0	0	0	697	846	35	23	-1	
3	1	94	1	0	0	697	846	35	23	-1	
4	1	94	1	1	0	697	846	35	23	-1	
5	1	94	1	1	1	697	846	35	23	96.758080	256
2	1	95	0	0	0	833	846	90	23	-1	
3	1	95	1	0	0	833	846	90	23	-1	
4	1	95	1	1	0	833	846	90	23	-1	
5	1	95	1	1	1	833	846	90	23	92.834587	Non-NES
2	1	96	0	0	0	1039	846	32	23	-1	
3	1	96	1	0	0	1039	846	32	23	-1	
4	1	96	1	1	0	1039	846	32	23	-1	
5	1	96	1	1	1	1039	846	32	23	91.714508	K-8
2	1	97	0	0	0	1199	846	103	23	-1	
3	1	97	1	0	0	1199	846	103	23	-1	
4	1	97	1	1	0	1199	846	103	23	-1	
5	1	97	1	1	1	1199	846	103	23	95.956612	CENTRAL
2	1	98	0	0	0	1338	846	98	23	-1	
3	1	98	1	0	0	1338	846	98	23	-1	
4	1	98	1	1	0	1338	846	98	23	-1	
5	1	98	1	1	1	1338	846	62	23	96.213661	Lamar
5	1	98	1	1	2	1408	846	28	23	95.825493	HS
2	1	99	0	0	0	1733	846	35	23	-1	
3	1	99	1	0	0	1733	846	35	23	-1	
4	1	99	1	1	0	1733	846	35	23	-1	
5	1	99	1	1	1	1733	846	35	23	96.503822	746
2	1	100	0	0	0	1833	846	128	27	-1	
3	1	100	1	0	0	1833	846	128	27	-1	
4	1	100	1	1	0	1833	846	128	27	-1	
5	1	100	1	1	1	1833	846	128	27	88.986847	4,261,966.00
2	1	101	0	0	0	2067	846	107	27	-1	
3	1	101	1	0	0	2067	846	107	27	-1	
4	1	101	1	1	0	2067	846	107	27	-1	
5	1	101	1	1	1	2067	846	107	27	96.474724	181,762.00
2	1	102	0	0	0	2245	846	110	27	-1	
3	1	102	1	0	0	2245	846	110	27	-1	
4	1	102	1	1	0	2245	846	110	27	-1	
5	1	102	1	1	1	2245	846	110	27	96.682289	200,374.00
2	1	103	0	0	0	2431	846	85	27	-1	
3	1	103	1	0	0	2431	846	85	27	-1	
4	1	103	1	1	0	2431	846	85	27	-1	
5	1	103	1	1	1	2431	846	85	27	96.471420	4,500.00
2	1	104	0	0	0	2592	846	84	27	-1	
3	1	104	1	0	0	2592	846	84	27	-1	
4	1	104	1	1	0	2592	846	84	27	-1	
5	1	104	1	1	1	2592	846	84	27	95.967346	7,460.00
2	1	105	0	0	0	2742	846	128	27	-1	
3	1	105	1	0	0	2742	846	128	27	-1	
4	1	105	1	1	0	2742	846	128	27	-1	
5	1	105	1	1	1	2742	846	128	27	88.991127	4,656,062.00
2	1	106	0	0	0	2953	846	97	27	-1	
3	1	106	1	0	0	2953	846	97	27	-1	
4	1	106	1	1	0	2953	846	97	27	-1	
5	1	106	1	1	1	2953	846	97	27	95.676697	95,732.72
2	1	107	0	0	0	364	889	128	29	-1	
3	1	107	1	0	0	364	889	128	29	-1	
4	1	107	1	1	0	364	889	128	29	-1	
5	1	107	1	1	1	364	889	92	29	95.884644	Wheatley
5	1	107	1	1	2	464	889	28	23	96.970497	HS
2	1	108	0	0	0	697	889	35	23	-1	
3	1	108	1	0	0	697	889	35	23	-1	
4	1	108	1	1	0	697	889	35	23	-1	
5	1	108	1	1	1	697	889	35	23	96.555023	018
2	1	109	0	0	0	833	889	42	23	-1	
3	1	109	1	0	0	833	889	42	23	-1	
4	1	109	1	1	0	833	889	42	23	-1	
5	1	109	1	1	1	833	889	42	23	96.804733	NES
2	1	110	0	0	0	1039	889	117	29	-1	
3	1	110	1	0	0	1039	889	117	29	-1	
4	1	110	1	1	0	1039	889	117	29	-1	
5	1	110	1	1	1	1039	889	43	29	96.983688	High
5	1	110	1	1	2	1090	889	66	23	96.905411	School
2	1	111	0	0	0	1199	889	103	23	-1	
3	1	111	1	0	0	1199	889	103	23	-1	
4	1	111	1	1	0	1199	889	103	23	-1	
5	1	111	1	1	1	1199	889	103	23	96.192780	CENTRAL
2	1	112	0	0	0	1336	889	129	29	-1	
3	1	112	1	0	0	1336	889	129	29	-1	
4	1	112	1	1	0	1336	889	129	29	-1	
5	1	112	1	1	1	1336	889	92	29	96.680580	Wheatley
5	1	112	1	1	2	1437	889	28	23	96.680580	HS
2	1	113	0	0	0	1732	889	33	23	-1	
3	1	113	1	0	0	1732	889	33	23	-1	
4	1	113	1	1	0	1732	889	33	23	-1	
5	1	113	1	1	1	1732	889	33	23	96.733856	451
2	1	114	0	0	0	1834	889	128	27	-1	
3	1	114	1	0	0	1834	889	128	27	-1	
4	1	114	1	1	0	1834	889	128	27	-1	
5	1	114	1	1	1	1834	889	128	27	89.029205	7,335,825.00
2	1	115	0	0	0	2065	889	110	27	-1	
3	1	115	1	0	0	2065	889	110	27	-1	
4	1	115	1	1	0	2065	889	110	27	-1	
5	1	115	1	1	1	2065	889	110	27	94.716621	942,956.00
2	1	116	0	0	0	2247	889	108	27	-1	
3	1	116	1	0	0	2247	889	108	27	-1	
4	1	116	1	1	0	2247	889	108	27	-1	
5	1	116	1	1	1	2247	889	108	27	95.707222	190,815.00
2	1	117	0	0	0	2420	889	96	27	-1	
3	1	117	1	0	0	2420	889	96	27	-1	
4	1	117	1	1	0	2420	889	96	27	-1	
5	1	117	1	1	1	2420	889	96	27	95.146500	16,000.00
2	1	118	0	0	0	2591	889	86	27	-1	
3	1	118	1	0	0	2591	889	86	27	-1	
4	1	118	1	1	0	2591	889	86	27	-1	
5	1	118	1	1	1	2591	889	86	27	95.327896	6,000.00
2	1	119	0	0	0	2742	889	128	27	-1	
3	1	119	1	0	0	2742	889	128	27	-1	
4	1	119	1	1	0	2742	889	128	27	-1	
5	1	119	1	1	1	2742	889	128	27	91.721222	8,491,596.00
2	1	120	0	0	0	2941	889	109	27	-1	
3	1	120	1	0	0	2941	889	109	27	-1	
4	1	120	1	1	0	2941	889	109	27	-1	
5	1	120	1	1	1	2941	889	109	27	96.453064	200,141.03
2	1	121	0	0	0	364	932	108	29	-1	
3	1	121	1	0	0	364	932	108	29	-1	
4	1	121	1	1	0	364	932	108	29	-1	
5	1	121	1	1	1	364	933	73	28	92.375076	Whidby
5	1	121	1	1	2	446	932	26	24	96.960320	ES
2	1	122	0	0	0	697	933	35	23	-1	
3	1	122	1	0	0	697	933	35	23	-1	
4	1	122	1	1	0	697	933	35	23	-1	
5	1	122	1	1	1	697	933	35	23	96.838715	257
2	1	123	0	0	0	833	933	42	23	-1	
3	1	123	1	0	0	833	933	42	23	-1	
4	1	123	1	1	0	833	933	42	23	-1	
5	1	123	1	1	1	833	933	42	23	96.615135	NES
2	1	124	0	0	0	1039	932	110	29	-1	
3	1	124	1	0	0	1039	932	110	29	-1	
4	1	124	1	1	0	1039	932	110	29	-1	
5	1	124	1	1	1	1039	932	110	29	96.498947	Elementary
2	1	125	0	0	0	1199	932	76	24	-1	
3	1	125	1	0	0	1199	932	76	24	-1	
4	1	125	1	1	0	1199	932	76	24	-1	
5	1	125	1	1	1	1199	932	76	24	96.788254	SOUTH
2	1	126	0	0	0	1336	933	93	23	-1	
3	1	126	1	0	0	1336	933	93	23	-1	
4	1	126	1	1	0	1336	933	93	23	-1	
5	1	126	1	1	1	1336	933	56	23	95.940147	Yates
5	1	126	1	1	2	1402	933	27	23	96.869171	HS
2	1	127	0	0	0	1733	933	35	23	-1	
3	1	127	1	0	0	1733	933	35	23	-1	
4	1	127	1	1	0	1733	933	35	23	-1	
5	1	127	1	1	1	1733	933	35	23	95.107315	359
2	1	128	0	0	0	1834	933	128	27	-1	
3	1	128	1	0	0	1834	933	128	27	-1	
4	1	128	1	1	0	1834	933	128	27	-1	
5	1	128	1	1	1	1834	933	128	27	91.149597	3,234,047.00
2	1	129	0	0	0	2067	933	108	27	-1	
3	1	129	1	0	0	2067	933	108	27	-1	
4	1	129	1	1	0	2067	933	108	27	-1	
5	1	129	1	1	1	2067	933	108	27	96.223640	146,160.00
2	1	130	0	0	0	2247	933	108	26	-1	
3	1	130	1	0	0	2247	933	108	26	-1	
4	1	130	1	1	0	2247	933	108	26	-1	
5	1	130	1	1	1	2247	933	108	26	96.527466	129,600.00
2	1	131	0	0	0	2431	933	85	27	-1	
3	1	131	1	0	0	2431	933	85	27	-1	
4	1	131	1	1	0	2431	933	85	27	-1	
5	1	131	1	1	1	2431	933	85	27	95.711876	2,000.00
2	1	132	0	0	0	2742	933	128	27	-1	
3	1	132	1	0	0	2742	933	128	27	-1	
4	1	132	1	1	0	2742	933	128	27	-1	
5	1	132	1	1	1	2742	933	128	27	86.300430	3,611,807.00
2	1	133	0	0	0	2943	933	108	27	-1	
3	1	133	1	0	0	2943	933	108	27	-1	
4	1	133	1	1	0	2943	933	108	27	-1	
5	1	133	1	1	1	2943	933	108	27	96.741119	134,838.04
2	1	134	0	0	0	364	976	91	23	-1	
3	1	134	1	0	0	364	976	91	23	-1	
4	1	134	1	1	0	364	976	91	23	-1	
5	1	134	1	1	1	364	976	56	23	96.613762	White
5	1	134	1	1	2	429	976	26	23	96.985733	ES
2	1	135	0	0	0	697	976	35	23	-1	
3	1	135	1	0	0	697	976	35	23	-1	
4	1	135	1	1	0	697	976	35	23	-1	
5	1	135	1	1	1	697	976	35	23	96.895172	267
2	1	136	0	0	0	833	976	90	23	-1	
3	1	136	1	0	0	833	976	90	23	-1	
4	1	136	1	1	0	833	976	90	23	-1	
5	1	136	1	1	1	833	976	90	23	92.352539	Non-NES
2	1	137	0	0	0	1039	975	110	29	-1	
3	1	137	1	0	0	1039	975	110	29	-1	
4	1	137	1	1	0	1039	975	110	29	-1	
5	1	137	1	1	1	1039	975	110	29	96.476883	Elementary
2	1	138	0	0	0	1199	976	65	23	-1	
3	1	138	1	0	0	1199	976	65	23	-1	
4	1	138	1	1	0	1199	976	65	23	-1	
5	1	138	1	1	1	1199	976	65	23	96.202103	WEST
2	1	139	0	0	0	1337	975	152	29	-1	
3	1	139	1	0	0	1337	975	152	29	-1	
4	1	139	1	1	0	1337	975	152	29	-1	
5	1	139	1	1	1	1337	976	115	28	96.438469	Sharpstown
5	1	139	1	1	2	1461	975	28	24	96.111053	HS
2	1	140	0	0	0	1732	976	36	23	-1	
3	1	140	1	0	0	1732	976	36	23	-1	
4	1	140	1	1	0	1732	976	36	23	-1	
5	1	140	1	1	1	1732	976	36	23	95.660706	659
2	1	141	0	0	0	1834	976	128	27	-1	
3	1	141	1	0	0	1834	976	128	27	-1	
4	1	141	1	1	0	1834	976	128	27	-1	
5	1	141	1	1	1	1834	976	128	27	52.152779	3,531,141.00
2	1	142	0	0	0	2065	976	110	27	-1	
3	1	142	1	0	0	2065	976	110	27	-1	
4	1	142	1	1	0	2065	976	110	27	-1	
5	1	142	1	1	1	2065	976	110	27	96.483788	223,345.00
2	1	143	0	0	0	2246	976	109	26	-1	
3	1	143	1	0	0	2246	976	109	26	-1	
4	1	143	1	1	0	2246	976	109	26	-1	
5	1	143	1	1	1	2246	976	109	26	96.059822	307,502.00
2	1	144	0	0	0	2420	976	96	27	-1	
3	1	144	1	0	0	2420	976	96	27	-1	
4	1	144	1	1	0	2420	976	96	27	-1	
5	1	144	1	1	1	2420	976	96	27	95.551437	13,550.00
2	1	145	0	0	0	2579	946	98	57	-1	
3	1	145	1	0	0	2579	946	98	57	-1	
4	1	145	1	1	0	2579	946	98	57	-1	
5	1	145	1	1	1	2579	946	98	57	20.026848	RT
2	1	146	0	0	0	2742	976	128	27	-1	
3	1	146	1	0	0	2742	976	128	27	-1	
4	1	146	1	1	0	2742	976	128	27	-1	
5	1	146	1	1	1	2742	976	128	27	92.317360	4,100,235.00
2	1	147	0	0	0	2941	976	109	27	-1	
3	1	147	1	0	0	2941	976	109	27	-1	
4	1	147	1	1	0	2941	976	109	27	-1	
5	1	147	1	1	1	2941	976	109	27	92.481468	243,171.39
2	1	148	0	0	0	697	1019	35	23	-1	
3	1	148	1	0	0	697	1019	35	23	-1	
4	1	148	1	1	0	697	1019	35	23	-1	
5	1	148	1	1	1	697	1019	35	23	96.746681	483
2	1	149	0	0	0	833	1019	91	23	-1	
3	1	149	1	0	0	833	1019	91	23	-1	
4	1	149	1	1	0	833	1019	91	23	-1	
5	1	149	1	1	1	833	1019	91	23	92.326599	Non-NES
2	1	150	0	0	0	1199	1019	64	23	-1	
3	1	150	1	0	0	1199	1019	64	23	-1	
4	1	150	1	1	0	1199	1019	64	23	-1	
5	1	150	1	1	1	1199	1019	64	23	96.042870	WEST
2	1	151	0	0	0	1732	1019	36	23	-1	
3	1	151	1	0	0	1732	1019	36	23	-1	
4	1	151	1	1	0	1732	1019	36	23	-1	
5	1	151	1	1	1	1732	1019	36	23	96.574524	456
2	1	152	0	0	0	364	1018	129	27	-1	
3	1	152	1	0	0	364	1018	129	27	-1	
4	1	152	1	1	0	364	1018	129	27	-1	
5	1	152	1	1	1	364	1019	61	26	93.010101	White,
5	1	152	1	1	2	435	1019	21	23	91.293564	M.
5	1	152	1	1	3	467	1018	26	24	96.524345	ES
2	1	153	0	0	0	1039	1019	110	28	-1	
3	1	153	1	0	0	1039	1019	110	28	-1	
4	1	153	1	1	0	1039	1019	110	28	-1	
5	1	153	1	1	1	1039	1019	110	28	95.024727	Elementary
2	1	154	0	0	0	1336	1019	175	27	-1	
3	1	154	1	0	0	1336	1019	175	27	-1	
4	1	154	1	1	0	1336	1019	175	27	-1	
5	1	154	1	1	1	1336	1019	86	27	93.045799	Wisdom,
5	1	154	1	1	2	1432	1019	40	23	89.020584	M.L.
5	1	154	1	1	3	1483	1019	28	23	96.974815	HS
2	1	155	0	0	0	1833	1019	129	27	-1	
3	1	155	1	0	0	1833	1019	129	27	-1	
4	1	155	1	1	0	1833	1019	129	27	-1	
5	1	155	1	1	1	1833	1019	129	27	88.564331	2,715,968.00
2	1	156	0	0	0	2067	1019	108	27	-1	
3	1	156	1	0	0	2067	1019	108	27	-1	
4	1	156	1	1	0	2067	1019	108	27	-1	
5	1	156	1	1	1	2067	1019	108	27	95.102058	130,132.00
2	1	157	0	0	0	2257	1019	98	26	-1	
3	1	157	1	0	0	2257	1019	98	26	-1	
4	1	157	1	1	0	2257	1019	98	26	-1	
5	1	157	1	1	1	2257	1019	98	26	94.926208	62,065.00
2	1	158	0	0	0	2433	1019	83	27	-1	
3	1	158	1	0	0	2433	1019	83	27	-1	
4	1	158	1	1	0	2433	1019	83	27	-1	
5	1	158	1	1	1	2433	1019	83	27	96.275398	1,950.00
2	1	159	0	0	0	2593	1019	84	27	-1	
3	1	159	1	0	0	2593	1019	84	27	-1	
4	1	159	1	1	0	2593	1019	84	27	-1	
5	1	159	1	1	1	2593	1019	84	27	96.175545	1,000.00
2	1	160	0	0	0	2742	1019	128	27	-1	
3	1	160	1	0	0	2742	1019	128	27	-1	
4	1	160	1	1	0	2742	1019	128	27	-1	
5	1	160	1	1	1	2742	1019	128	27	90.466347	2,911,115.00
2	1	161	0	0	0	2943	1019	107	27	-1	
3	1	161	1	0	0	2943	1019	107	27	-1	
4	1	161	1	1	0	2943	1019	107	27	-1	
5	1	161	1	1	1	2943	1019	107	27	96.652946	138,448.49
2	1	162	0	0	0	364	1061	111	24	-1	
3	1	162	1	0	0	364	1061	111	24	-1	
4	1	162	1	1	0	364	1061	111	24	-1	
5	1	162	1	1	1	364	1062	75	23	96.338669	Whittier
5	1	162	1	1	2	448	1061	27	24	96.807243	ES
2	1	163	0	0	0	697	1062	35	23	-1	
3	1	163	1	0	0	697	1062	35	23	-1	
4	1	163	1	1	0	697	1062	35	23	-1	
5	1	163	1	1	1	697	1062	35	23	96.756248	258
2	1	164	0	0	0	833	1062	43	23	-1	
3	1	164	1	0	0	833	1062	43	23	-1	
4	1	164	1	1	0	833	1062	43	23	-1	
5	1	164	1	1	1	833	1062	43	23	96.513817	NES
2	1	165	0	0	0	1039	1062	110	28	-1	
3	1	165	1	0	0	1039	1062	110	28	-1	
4	1	165	1	1	0	1039	1062	110	28	-1	
5	1	165	1	1	1	1039	1062	110	28	96.769989	Elementary
2	1	166	0	0	0	1199	1061	103	24	-1	
3	1	166	1	0	0	1199	1061	103	24	-1	
4	1	166	1	1	0	1199	1061	103	24	-1	
5	1	166	1	1	1	1199	1061	103	24	96.472778	CENTRAL
2	1	167	0	0	0	1338	1061	75	24	-1	
3	1	167	1	0	0	1338	1061	75	24	-1	
4	1	167	1	1	0	1338	1061	75	24	-1	
5	1	167	1	1	1	1338	1062	39	23	90.469299	Furr
5	1	167	1	1	2	1385	1061	28	24	94.365128	HS
2	1	168	0	0	0	1733	1062	35	23	-1	
3	1	168	1	0	0	1733	1062	35	23	-1	
4	1	168	1	1	0	1733	1062	35	23	-1	
5	1	168	1	1	1	1733	1062	35	23	95.846695	323
2	1	169	0	0	0	1833	1062	129	27	-1	
3	1	169	1	0	0	1833	1062	129	27	-1	
4	1	169	1	1	0	1833	1062	129	27	-1	
5	1	169	1	1	1	1833	1062	129	27	90.903381	2,896,701.00
2	1	170	0	0	0	2067	1062	108	27	-1	
3	1	170	1	0	0	2067	1062	108	27	-1	
4	1	170	1	1	0	2067	1062	108	27	-1	
5	1	170	1	1	1	2067	1062	108	27	96.610626	102,213.00
2	1	171	0	0	0	2247	1062	108	26	-1	
3	1	171	1	0	0	2247	1062	108	26	-1	
4	1	171	1	1	0	2247	1062	108	26	-1	
5	1	171	1	1	1	2247	1062	108	26	96.095390	111,300.00
2	1	172	0	0	0	2431	1062	85	27	-1	
3	1	172	1	0	0	2431	1062	85	27	-1	
4	1	172	1	1	0	2431	1062	85	27	-1	
5	1	172	1	1	1	2431	1062	85	27	96.649529	2,000.00
2	1	173	0	0	0	2742	1062	128	27	-1	
3	1	173	1	0	0	2742	1062	128	27	-1	
4	1	173	1	1	0	2742	1062	128	27	-1	
5	1	173	1	1	1	2742	1062	128	27	86.359543	3,112,214.00
2	1	174	0	0	0	2943	1062	108	27	-1	
3	1	174	1	0	0	2943	1062	108	27	-1	
4	1	174	1	1	0	2943	1062	108	27	-1	
5	1	174	1	1	1	2943	1062	108	27	96.883064	105,478.14
2	1	175	0	0	0	364	1105	122	23	-1	
3	1	175	1	0	0	364	1105	122	23	-1	
4	1	175	1	1	0	364	1105	122	23	-1	
5	1	175	1	1	1	364	1105	82	23	93.755043	Williams
5	1	175	1	1	2	455	1105	31	23	96.895676	MS
2	1	176	0	0	0	697	1105	35	23	-1	
3	1	176	1	0	0	697	1105	35	23	-1	
4	1	176	1	1	0	697	1105	35	23	-1	
5	1	176	1	1	1	697	1105	35	23	96.179420	082
2	1	177	0	0	0	833	1105	43	23	-1	
3	1	177	1	0	0	833	1105	43	23	-1	
4	1	177	1	1	0	833	1105	43	23	-1	
5	1	177	1	1	1	833	1105	43	23	96.812317	NES
2	1	178	0	0	0	1039	1105	136	23	-1	
3	1	178	1	0	0	1039	1105	136	23	-1	
4	1	178	1	1	0	1039	1105	136	23	-1	
5	1	178	1	1	1	1039	1105	62	23	95.859215	Middle
5	1	178	1	1	2	1109	1105	66	23	95.347191	School
2	1	179	0	0	0	1200	1105	76	23	-1	
3	1	179	1	0	0	1200	1105	76	23	-1	
4	1	179	1	1	0	1200	1105	76	23	-1	
5	1	179	1	1	1	1200	1105	76	23	95.649384	NORTH
2	1	180	0	0	0	1733	1105	35	23	-1	
3	1	180	1	0	0	1733	1105	35	23	-1	
4	1	180	1	1	0	1733	1105	35	23	-1	
5	1	180	1	1	1	1733	1105	35	23	96.131996	320
2	1	181	0	0	0	1338	1105	230	29	-1	
3	1	181	1	0	0	1338	1105	230	29	-1	
4	1	181	1	1	0	1338	1105	230	29	-1	
5	1	181	1	1	1	1338	1105	69	23	96.568520	Booker
5	1	181	1	1	2	1414	1105	116	29	96.646126	Washington
5	1	181	1	1	3	1540	1105	28	23	96.893967	HS
2	1	182	0	0	0	1833	1105	128	27	-1	
3	1	182	1	0	0	1833	1105	128	27	-1	
4	1	182	1	1	0	1833	1105	128	27	-1	
5	1	182	1	1	1	1833	1105	128	27	83.333984	4,227,413.00
2	1	183	0	0	0	2065	1105	109	27	-1	
3	1	183	1	0	0	2065	1105	109	27	-1	
4	1	183	1	1	0	2065	1105	109	27	-1	
5	1	183	1	1	1	2065	1105	109	27	96.620117	364,074.00
2	1	184	0	0	0	2247	1105	108	27	-1	
3	1	184	1	0	0	2247	1105	108	27	-1	
4	1	184	1	1	0	2247	1105	108	27	-1	
5	1	184	1	1	1	2247	1105	108	27	95.866035	115,320.00
2	1	185	0	0	0	2431	1105	85	27	-1	
3	1	185	1	0	0	2431	1105	85	27	-1	
4	1	185	1	1	0	2431	1105	85	27	-1	
5	1	185	1	1	1	2431	1105	85	27	96.839188	5,500.00
2	1	186	0	0	0	2742	1105	128	27	-1	
3	1	186	1	0	0	2742	1105	128	27	-1	
4	1	186	1	1	0	2742	1105	128	27	-1	
5	1	186	1	1	1	2742	1105	128	27	76.596298	4,712,307.00
2	1	187	0	0	0	2943	1105	108	27	-1	
3	1	187	1	0	0	2943	1105	108	27	-1	
4	1	187	1	1	0	2943	1105	108	27	-1	
5	1	187	1	1	1	2943	1105	108	27	95.321220	136,556.84
2	1	188	0	0	0	364	1148	190	29	-1	
3	1	188	1	0	0	364	1148	190	29	-1	
4	1	188	1	1	0	364	1148	190	29	-1	
5	1	188	1	1	1	364	1148	82	23	96.974037	Windsor
5	1	188	1	1	2	452	1148	66	29	93.001671	Vilage
5	1	188	1	1	3	527	1148	27	23	96.935753	ES
2	1	189	0	0	0	697	1148	35	23	-1	
3	1	189	1	0	0	697	1148	35	23	-1	
4	1	189	1	1	0	697	1148	35	23	-1	
5	1	189	1	1	1	697	1148	35	23	96.874832	260
2	1	190	0	0	0	833	1148	91	23	-1	
3	1	190	1	0	0	833	1148	91	23	-1	
4	1	190	1	1	0	833	1148	91	23	-1	
5	1	190	1	1	1	833	1148	91	23	93.059509	Non-NES
2	1	191	0	0	0	1039	1148	110	29	-1	
3	1	191	1	0	0	1039	1148	110	29	-1	
4	1	191	1	1	0	1039	1148	110	29	-1	
5	1	191	1	1	1	1039	1148	110	29	96.516129	Elementary
2	1	192	0	0	0	1199	1148	76	23	-1	
3	1	192	1	0	0	1199	1148	76	23	-1	
4	1	192	1	1	0	1199	1148	76	23	-1	
5	1	192	1	1	1	1199	1148	76	23	96.424690	SOUTH
2	1	193	0	0	0	1337	1148	119	23	-1	
3	1	193	1	0	0	1337	1148	119	23	-1	
4	1	193	1	1	0	1337	1148	119	23	-1	
5	1	193	1	1	1	1337	1148	81	23	96.232925	Madison
5	1	193	1	1	2	1428	1148	28	23	96.547188	HS
2	1	194	0	0	0	1733	1149	35	22	-1	
3	1	194	1	0	0	1733	1149	35	22	-1	
4	1	194	1	1	0	1733	1149	35	22	-1	
5	1	194	1	1	1	1733	1149	35	22	96.122566	587
2	1	195	0	0	0	1833	1148	128	27	-1	
3	1	195	1	0	0	1833	1148	128	27	-1	
4	1	195	1	1	0	1833	1148	128	27	-1	
5	1	195	1	1	1	1833	1148	128	27	83.631180	3,888,111.00
2	1	196	0	0	0	2067	1148	107	27	-1	
3	1	196	1	0	0	2067	1148	107	27	-1	
4	1	196	1	1	0	2067	1148	107	27	-1	
5	1	196	1	1	1	2067	1148	107	27	96.826263	175,076.00
2	1	197	0	0	0	2257	1148	98	27	-1	
3	1	197	1	0	0	2257	1148	98	27	-1	
4	1	197	1	1	0	2257	1148	98	27	-1	
5	1	197	1	1	1	2257	1148	98	27	96.042152	24,090.00
2	1	198	0	0	0	2431	1148	85	27	-1	
3	1	198	1	0	0	2431	1148	85	27	-1	
4	1	198	1	1	0	2431	1148	85	27	-1	
5	1	198	1	1	1	2431	1148	85	27	95.354782	5,000.00
2	1	199	0	0	0	2581	1118	95	57	-1	
3	1	199	1	0	0	2581	1118	95	57	-1	
4	1	199	1	1	0	2581	1118	95	57	-1	
5	1	199	1	1	1	2581	1118	95	57	21.127838	TE
2	1	200	0	0	0	2741	1148	129	27	-1	
3	1	200	1	0	0	2741	1148	129	27	-1	
4	1	200	1	1	0	2741	1148	129	27	-1	
5	1	200	1	1	1	2741	1148	129	27	92.257378	4,106,976.00
2	1	201	0	0	0	2941	1148	109	27	-1	
3	1	201	1	0	0	2941	1148	109	27	-1	
4	1	201	1	1	0	2941	1148	109	27	-1	
5	1	201	1	1	1	2941	1148	109	27	96.444260	239,798.30
2	1	202	0	0	0	697	1191	35	23	-1	
3	1	202	1	0	0	697	1191	35	23	-1	
4	1	202	1	1	0	697	1191	35	23	-1	
5	1	202	1	1	1	697	1191	35	23	93.289833	009
2	1	203	0	0	0	833	1191	43	23	-1	
3	1	203	1	0	0	833	1191	43	23	-1	
4	1	203	1	1	0	833	1191	43	23	-1	
5	1	203	1	1	1	833	1191	43	23	96.801407	NES
2	1	204	0	0	0	1199	1191	64	23	-1	
3	1	204	1	0	0	1199	1191	64	23	-1	
4	1	204	1	1	0	1199	1191	64	23	-1	
5	1	204	1	1	1	1199	1191	64	23	96.589500	WEST
2	1	205	0	0	0	364	1191	174	27	-1	
3	1	205	1	0	0	364	1191	174	27	-1	
4	1	205	1	1	0	364	1191	174	27	-1	
5	1	205	1	1	1	364	1191	85	27	93.033875	Wisdom,
5	1	205	1	1	2	460	1191	39	23	92.326302	M.L.
5	1	205	1	1	3	510	1191	28	23	96.123466	HS
2	1	206	0	0	0	1039	1191	117	29	-1	
3	1	206	1	0	0	1039	1191	117	29	-1	
4	1	206	1	1	0	1039	1191	117	29	-1	
5	1	206	1	1	1	1039	1191	43	29	96.952179	High
5	1	206	1	1	2	1090	1191	66	23	96.766785	School
2	1	207	0	0	0	1336	1191	175	27	-1	
3	1	207	1	0	0	1336	1191	175	27	-1	
4	1	207	1	1	0	1336	1191	175	27	-1	
5	1	207	1	1	1	1336	1191	86	27	91.357704	Wisdom,
5	1	207	1	1	2	1432	1191	40	23	91.357704	M.L.
5	1	207	1	1	3	1483	1191	28	23	96.974144	HS
2	1	208	0	0	0	1716	1191	52	27	-1	
3	1	208	1	0	0	1716	1191	52	27	-1	
4	1	208	1	1	0	1716	1191	52	27	-1	
5	1	208	1	1	1	1716	1191	52	27	94.631065	1,828
2	1	209	0	0	0	1823	1191	138	27	-1	
3	1	209	1	0	0	1823	1191	138	27	-1	
4	1	209	1	1	0	1823	1191	138	27	-1	
5	1	209	1	1	1	1823	1191	138	27	89.911560	14,847,226.00
2	1	210	0	0	0	2065	1191	109	27	-1	
3	1	210	1	0	0	2065	1191	109	27	-1	
4	1	210	1	1	0	2065	1191	109	27	-1	
5	1	210	1	1	1	2065	1191	109	27	93.289169	892,895.00
2	1	211	0	0	0	2246	1191	109	27	-1	
3	1	211	1	0	0	2246	1191	109	27	-1	
4	1	211	1	1	0	2246	1191	109	27	-1	
5	1	211	1	1	1	2246	1191	109	27	94.722267	723,820.00
2	1	212	0	0	0	2418	1191	98	27	-1	
3	1	212	1	0	0	2418	1191	98	27	-1	
4	1	212	1	1	0	2418	1191	98	27	-1	
5	1	212	1	1	1	2418	1191	98	27	96.117607	21,500.00
2	1	213	0	0	0	2581	1191	95	27	-1	
3	1	213	1	0	0	2581	1191	95	27	-1	
4	1	213	1	1	0	2581	1191	95	27	-1	
5	1	213	1	1	1	2581	1191	95	27	96.751938	14,000.00
2	1	214	0	0	0	2731	1191	139	27	-1	
3	1	214	1	0	0	2731	1191	139	27	-1	
4	1	214	1	1	0	2731	1191	139	27	-1	
5	1	214	1	1	1	2731	1191	139	27	91.005219	16,499,441.00
2	1	215	0	0	0	2941	1191	109	27	-1	
3	1	215	1	0	0	2941	1191	109	27	-1	
4	1	215	1	1	0	2941	1191	109	27	-1	
5	1	215	1	1	1	2941	1191	109	27	96.497871	729,059.98
2	1	216	0	0	0	364	1234	129	23	-1	
3	1	216	1	0	0	364	1234	129	23	-1	
4	1	216	1	1	0	364	1234	129	23	-1	
5	1	216	1	1	1	364	1234	93	23	95.578629	Woodson
5	1	216	1	1	2	467	1234	26	23	96.865707	ES
2	1	217	0	0	0	698	1234	34	23	-1	
3	1	217	1	0	0	698	1234	34	23	-1	
4	1	217	1	1	0	698	1234	34	23	-1	
5	1	217	1	1	1	698	1234	34	23	85.242714	127
2	1	218	0	0	0	833	1234	42	23	-1	
3	1	218	1	0	0	833	1234	42	23	-1	
4	1	218	1	1	0	833	1234	42	23	-1	
5	1	218	1	1	1	833	1234	42	23	96.785240	NES
2	1	219	0	0	0	1039	1234	110	29	-1	
3	1	219	1	0	0	1039	1234	110	29	-1	
4	1	219	1	1	0	1039	1234	110	29	-1	
5	1	219	1	1	1	1039	1234	110	29	96.204323	Elementary
2	1	220	0	0	0	1199	1234	76	23	-1	
3	1	220	1	0	0	1199	1234	76	23	-1	
4	1	220	1	1	0	1199	1234	76	23	-1	
5	1	220	1	1	1	1199	1234	76	23	96.315720	SOUTH
2	1	221	0	0	0	1337	1234	125	29	-1	
3	1	221	1	0	0	1337	1234	125	29	-1	
4	1	221	1	1	0	1337	1234	125	29	-1	
5	1	221	1	1	1	1337	1234	87	29	95.623703	Worthing
5	1	221	1	1	2	1434	1234	28	23	96.824730	HS
2	1	222	0	0	0	1733	1234	35	23	-1	
3	1	222	1	0	0	1733	1234	35	23	-1	
4	1	222	1	1	0	1733	1234	35	23	-1	
5	1	222	1	1	1	1733	1234	35	23	80.141914	412
2	1	223	0	0	0	1833	1234	128	27	-1	
3	1	223	1	0	0	1833	1234	128	27	-1	
4	1	223	1	1	0	1833	1234	128	27	-1	
5	1	223	1	1	1	1833	1234	128	27	90.184074	3,408,114.00
2	1	224	0	0	0	2065	1234	109	27	-1	
3	1	224	1	0	0	2065	1234	109	27	-1	
4	1	224	1	1	0	2065	1234	109	27	-1	
5	1	224	1	1	1	2065	1234	109	27	96.703049	563,055.00
2	1	225	0	0	0	2247	1234	108	27	-1	
3	1	225	1	0	0	2247	1234	108	27	-1	
4	1	225	1	1	0	2247	1234	108	27	-1	
5	1	225	1	1	1	2247	1234	108	27	96.628860	142,200.00
2	1	226	0	0	0	2431	1234	85	27	-1	
3	1	226	1	0	0	2431	1234	85	27	-1	
4	1	226	1	1	0	2431	1234	85	27	-1	
5	1	226	1	1	1	2431	1234	85	27	95.310028	2,000.00
2	1	227	0	0	0	2742	1234	128	27	-1	
3	1	227	1	0	0	2742	1234	128	27	-1	
4	1	227	1	1	0	2742	1234	128	27	-1	
5	1	227	1	1	1	2742	1234	128	27	88.471077	4,115,369.00
2	1	228	0	0	0	2943	1234	108	27	-1	
3	1	228	1	0	0	2943	1234	108	27	-1	
4	1	228	1	1	0	2943	1234	108	27	-1	
5	1	228	1	1	1	2943	1234	108	27	94.918289	174,638.44
2	1	229	0	0	0	697	1277	35	23	-1	
3	1	229	1	0	0	697	1277	35	23	-1	
4	1	229	1	1	0	697	1277	35	23	-1	
5	1	229	1	1	1	697	1277	35	23	96.683723	019
2	1	230	0	0	0	833	1277	42	23	-1	
3	1	230	1	0	0	833	1277	42	23	-1	
4	1	230	1	1	0	833	1277	42	23	-1	
5	1	230	1	1	1	833	1277	42	23	96.789795	NES
2	1	231	0	0	0	1199	1277	76	23	-1	
3	1	231	1	0	0	1199	1277	76	23	-1	
4	1	231	1	1	0	1199	1277	76	23	-1	
5	1	231	1	1	1	1199	1277	76	23	96.387146	SOUTH
2	1	232	0	0	0	1733	1278	35	22	-1	
3	1	232	1	0	0	1733	1278	35	22	-1	
4	1	232	1	1	0	1733	1278	35	22	-1	
5	1	232	1	1	1	1733	1278	35	22	96.198303	676
2	1	233	0	0	0	364	1277	125	29	-1	
3	1	233	1	0	0	364	1277	125	29	-1	
4	1	233	1	1	0	364	1277	125	29	-1	
5	1	233	1	1	1	364	1277	87	29	95.638283	Worthing
5	1	233	1	1	2	461	1277	28	23	96.890099	HS
2	1	234	0	0	0	1039	1277	117	29	-1	
3	1	234	1	0	0	1039	1277	117	29	-1	
4	1	234	1	1	0	1039	1277	117	29	-1	
5	1	234	1	1	1	1039	1277	43	29	96.983398	High
5	1	234	1	1	2	1090	1277	66	23	96.919426	School
2	1	235	0	0	0	1337	1277	125	29	-1	
3	1	235	1	0	0	1337	1277	125	29	-1	
4	1	235	1	1	0	1337	1277	125	29	-1	
5	1	235	1	1	1	1337	1277	87	29	96.348175	Worthing
5	1	235	1	1	2	1434	1277	28	23	96.779129	HS
2	1	236	0	0	0	1833	1277	128	27	-1	
3	1	236	1	0	0	1833	1277	128	27	-1	
4	1	236	1	1	0	1833	1277	128	27	-1	
5	1	236	1	1	1	1833	1277	128	27	91.178566	8,577,185.00
2	1	237	0	0	0	2065	1277	109	27	-1	
3	1	237	1	0	0	2065	1277	109	27	-1	
4	1	237	1	1	0	2065	1277	109	27	-1	
5	1	237	1	1	1	2065	1277	109	27	96.624565	308,849.00
2	1	238	0	0	0	2246	1277	109	27	-1	
3	1	238	1	0	0	2246	1277	109	27	-1	
4	1	238	1	1	0	2246	1277	109	27	-1	
5	1	238	1	1	1	2246	1277	109	27	96.090179	301,540.00
2	1	239	0	0	0	2420	1277	96	27	-1	
3	1	239	1	0	0	2420	1277	96	27	-1	
4	1	239	1	1	0	2420	1277	96	27	-1	
5	1	239	1	1	1	2420	1277	96	27	95.708672	13,500.00
2	1	240	0	0	0	2591	1248	85	56	-1	
3	1	240	1	0	0	2591	1248	85	56	-1	
4	1	240	1	1	0	2591	1248	85	56	-1	
5	1	240	1	1	1	2591	1248	85	56	25.901352	50000
2	1	241	0	0	0	2742	1278	128	27	-1	
3	1	241	1	0	0	2742	1278	128	27	-1	
4	1	241	1	1	0	2742	1278	128	27	-1	
5	1	241	1	1	1	2742	1278	128	27	85.826576	9,207,074.00
2	1	242	0	0	0	2941	1278	110	27	-1	
3	1	242	1	0	0	2941	1278	110	27	-1	
4	1	242	1	1	0	2941	1278	110	27	-1	
5	1	242	1	1	1	2941	1278	110	27	96.537346	259,705.20
2	1	243	0	0	0	364	1320	93	24	-1	
3	1	243	1	0	0	364	1320	93	24	-1	
4	1	243	1	1	0	364	1320	93	24	-1	
5	1	243	1	1	1	364	1321	56	23	96.838890	Yates
5	1	243	1	1	2	429	1320	28	24	96.843658	HS
2	1	244	0	0	0	697	1321	35	23	-1	
3	1	244	1	0	0	697	1321	35	23	-1	
4	1	244	1	1	0	697	1321	35	23	-1	
5	1	244	1	1	1	697	1321	35	23	96.910095	020
2	1	245	0	0	0	833	1320	42	24	-1	
3	1	245	1	0	0	833	1320	42	24	-1	
4	1	245	1	1	0	833	1320	42	24	-1	
5	1	245	1	1	1	833	1320	42	24	96.779907	NES
2	1	246	0	0	0	1039	1320	117	29	-1	
3	1	246	1	0	0	1039	1320	117	29	-1	
4	1	246	1	1	0	1039	1320	117	29	-1	
5	1	246	1	1	1	1039	1321	43	28	96.961502	High
5	1	246	1	1	2	1090	1320	66	24	94.730247	School
2	1	247	0	0	0	1199	1320	76	24	-1	
3	1	247	1	0	0	1199	1320	76	24	-1	
4	1	247	1	1	0	1199	1320	76	24	-1	
5	1	247	1	1	1	1199	1320	76	24	96.725891	SOUTH
2	1	248	0	0	0	1336	1321	93	23	-1	
3	1	248	1	0	0	1336	1321	93	23	-1	
4	1	248	1	1	0	1336	1321	93	23	-1	
5	1	248	1	1	1	1336	1321	56	23	95.195259	Yates
5	1	248	1	1	2	1402	1321	27	23	96.861885	HS
2	1	249	0	0	0	1733	1321	35	23	-1	
3	1	249	1	0	0	1733	1321	35	23	-1	
4	1	249	1	1	0	1733	1321	35	23	-1	
5	1	249	1	1	1	1733	1321	35	23	96.414963	590
2	1	250	0	0	0	1833	1321	129	27	-1	
3	1	250	1	0	0	1833	1321	129	27	-1	
4	1	250	1	1	0	1833	1321	129	27	-1	
5	1	250	1	1	1	1833	1321	129	27	90.818260	8,029,297.00
2	1	251	0	0	0	2065	1321	110	27	-1	
3	1	251	1	0	0	2065	1321	110	27	-1	
4	1	251	1	1	0	2065	1321	110	27	-1	
5	1	251	1	1	1	2065	1321	110	27	94.294579	590,006.00
2	1	252	0	0	0	2245	1321	110	26	-1	
3	1	252	1	0	0	2245	1321	110	26	-1	
4	1	252	1	1	0	2245	1321	110	26	-1	
5	1	252	1	1	1	2245	1321	110	26	95.786682	249,250.00
2	1	253	0	0	0	2420	1321	96	27	-1	
3	1	253	1	0	0	2420	1321	96	27	-1	
4	1	253	1	1	0	2420	1321	96	27	-1	
5	1	253	1	1	1	2420	1321	96	27	96.268036	16,000.00
2	1	254	0	0	0	2742	1321	128	27	-1	
3	1	254	1	0	0	2742	1321	128	27	-1	
4	1	254	1	1	0	2742	1321	128	27	-1	
5	1	254	1	1	1	2742	1321	128	27	57.032341	8,890,553.00
2	1	255	0	0	0	2941	1321	109	27	-1	
3	1	255	1	0	0	2941	1321	109	27	-1	
4	1	255	1	1	0	2941	1321	109	27	-1	
5	1	255	1	1	1	2941	1321	109	27	96.195023	245,399.66
2	1	256	0	0	0	697	1364	35	22	-1	
3	1	256	1	0	0	697	1364	35	22	-1	
4	1	256	1	1	0	697	1364	35	22	-1	
5	1	256	1	1	1	697	1364	35	22	96.367493	247
2	1	257	0	0	0	833	1364	42	23	-1	
3	1	257	1	0	0	833	1364	42	23	-1	
4	1	257	1	1	0	833	1364	42	23	-1	
5	1	257	1	1	1	833	1364	42	23	96.447731	NES
2	1	258	0	0	0	1199	1363	76	24	-1	
3	1	258	1	0	0	1199	1363	76	24	-1	
4	1	258	1	1	0	1199	1363	76	24	-1	
5	1	258	1	1	1	1199	1363	76	24	96.557777	SOUTH
2	1	259	0	0	0	1733	1364	35	23	-1	
3	1	259	1	0	0	1733	1364	35	23	-1	
4	1	259	1	1	0	1733	1364	35	23	-1	
5	1	259	1	1	1	1733	1364	35	23	96.813255	347
2	1	260	0	0	0	2247	1364	108	26	-1	
3	1	260	1	0	0	2247	1364	108	26	-1	
4	1	260	1	1	0	2247	1364	108	26	-1	
5	1	260	1	1	1	2247	1364	108	26	96.719856	118,500.00
2	1	261	0	0	0	2591	1321	86	59	-1	
3	1	261	1	0	0	2591	1321	86	59	-1	
4	1	261	1	1	0	2591	1321	86	59	-1	
5	1	261	1	1	1	2591	1321	86	59	25.207458	illic
2	1	262	0	0	0	364	1363	98	29	-1	
3	1	262	1	0	0	364	1363	98	29	-1	
4	1	262	1	1	0	364	1363	98	29	-1	
5	1	262	1	1	1	364	1364	61	28	96.382797	Young
5	1	262	1	1	2	435	1363	27	24	96.643730	ES
2	1	263	0	0	0	1039	1363	110	29	-1	
3	1	263	1	0	0	1039	1363	110	29	-1	
4	1	263	1	1	0	1039	1363	110	29	-1	
5	1	263	1	1	1	1039	1363	110	29	96.448830	Elementary
2	1	264	0	0	0	1336	1363	126	29	-1	
3	1	264	1	0	0	1336	1363	126	29	-1	
4	1	264	1	1	0	1336	1363	126	29	-1	
5	1	264	1	1	1	1336	1364	88	28	96.818947	Worthing
5	1	264	1	1	2	1434	1363	28	24	96.820160	HS
2	1	265	0	0	0	1833	1364	129	27	-1	
3	1	265	1	0	0	1833	1364	129	27	-1	
4	1	265	1	1	0	1833	1364	129	27	-1	
5	1	265	1	1	1	1833	1364	129	27	91.837097	3,072,747.00
2	1	266	0	0	0	2067	1364	108	27	-1	
3	1	266	1	0	0	2067	1364	108	27	-1	
4	1	266	1	1	0	2067	1364	108	27	-1	
5	1	266	1	1	1	2067	1364	108	27	85.512604	141,092.00
2	1	267	0	0	0	2431	1364	85	27	-1	
3	1	267	1	0	0	2431	1364	85	27	-1	
4	1	267	1	1	0	2431	1364	85	27	-1	
5	1	267	1	1	1	2431	1364	85	27	95.500458	2,000.00
2	1	268	0	0	0	2742	1364	128	27	-1	
3	1	268	1	0	0	2742	1364	128	27	-1	
4	1	268	1	1	0	2742	1364	128	27	-1	
5	1	268	1	1	1	2742	1364	128	27	60.795849	3,335,239.00
2	1	269	0	0	0	2943	1364	107	27	-1	
3	1	269	1	0	0	2943	1364	107	27	-1	
4	1	269	1	1	0	2943	1364	107	27	-1	
5	1	269	1	1	1	2943	1364	107	27	94.956932	127,690.35
2	1	270	0	0	0	364	1406	81	23	-1	
3	1	270	1	0	0	364	1406	81	23	-1	
4	1	270	1	1	0	364	1406	81	23	-1	
5	1	270	1	1	1	364	1406	81	23	89.542442	YWCPA
2	1	271	0	0	0	697	1407	35	22	-1	
3	1	271	1	0	0	697	1407	35	22	-1	
4	1	271	1	1	0	697	1407	35	22	-1	
5	1	271	1	1	1	697	1407	35	22	96.572746	463
2	1	272	0	0	0	833	1406	91	23	-1	
3	1	272	1	0	0	833	1406	91	23	-1	
4	1	272	1	1	0	833	1406	91	23	-1	
5	1	272	1	1	1	833	1406	91	23	93.039856	Non-NES
2	1	273	0	0	0	1039	1406	117	29	-1	
3	1	273	1	0	0	1039	1406	117	29	-1	
4	1	273	1	1	0	1039	1406	117	29	-1	
5	1	273	1	1	1	1039	1406	43	29	96.945442	High
5	1	273	1	1	2	1090	1406	66	23	96.711273	School
2	1	274	0	0	0	1199	1406	103	23	-1	
3	1	274	1	0	0	1199	1406	103	23	-1	
4	1	274	1	1	0	1199	1406	103	23	-1	
5	1	274	1	1	1	1199	1406	103	23	96.078705	CENTRAL
2	1	275	0	0	0	1338	1406	98	23	-1	
3	1	275	1	0	0	1338	1406	98	23	-1	
4	1	275	1	1	0	1338	1406	98	23	-1	
5	1	275	1	1	1	1338	1406	62	23	96.001389	Lamar
5	1	275	1	1	2	1408	1406	28	23	96.001389	HS
2	1	276	0	0	0	1732	1406	36	23	-1	
3	1	276	1	0	0	1732	1406	36	23	-1	
4	1	276	1	1	0	1732	1406	36	23	-1	
5	1	276	1	1	1	1732	1406	36	23	93.298546	488
2	1	277	0	0	0	1833	1406	128	27	-1	
3	1	277	1	0	0	1833	1406	128	27	-1	
4	1	277	1	1	0	1833	1406	128	27	-1	
5	1	277	1	1	1	1833	1406	128	27	90.928703	2,941,911.00
2	1	278	0	0	0	2065	1406	109	27	-1	
3	1	278	1	0	0	2065	1406	109	27	-1	
4	1	278	1	1	0	2065	1406	109	27	-1	
5	1	278	1	1	1	2065	1406	109	27	96.238228	385,114.00
2	1	279	0	0	0	2247	1406	108	27	-1	
3	1	279	1	0	0	2247	1406	108	27	-1	
4	1	279	1	1	0	2247	1406	108	27	-1	
5	1	279	1	1	1	2247	1406	108	27	94.951721	146,593.00
2	1	280	0	0	0	2419	1406	97	27	-1	
3	1	280	1	0	0	2419	1406	97	27	-1	
4	1	280	1	1	0	2419	1406	97	27	-1	
5	1	280	1	1	1	2419	1406	97	27	96.336632	32,500.00
2	1	281	0	0	0	2742	1406	128	27	-1	
3	1	281	1	0	0	2742	1406	128	27	-1	
4	1	281	1	1	0	2742	1406	128	27	-1	
5	1	281	1	1	1	2742	1406	128	27	91.209534	3,506,118.00
2	1	282	0	0	0	2943	1406	107	27	-1	
3	1	282	1	0	0	2943	1406	107	27	-1	
4	1	282	1	1	0	2943	1406	107	27	-1	
5	1	282	1	1	1	2943	1406	107	27	96.809258	103,567.92
2	1	283	0	0	0	698	1537	111	24	-1	
3	1	283	1	0	0	698	1537	111	24	-1	
4	1	283	1	1	0	698	1537	111	24	-1	
5	1	283	1	1	1	698	1538	83	23	96.212860	Number
5	1	283	1	1	2	788	1537	21	24	96.987068	of
2	1	284	0	0	0	1039	1538	84	23	-1	
3	1	284	1	0	0	1039	1538	84	23	-1	
4	1	284	1	1	0	1039	1538	84	23	-1	
5	1	284	1	1	1	1039	1538	84	23	96.600914	Division
2	1	285	0	0	0	1200	1537	111	24	-1	
3	1	285	1	0	0	1200	1537	111	24	-1	
4	1	285	1	1	0	1200	1537	111	24	-1	
5	1	285	1	1	1	1200	1538	83	23	96.469406	Number
5	1	285	1	1	2	1290	1537	21	24	96.486534	of
2	1	286	0	0	0	364	1537	144	30	-1	
3	1	286	1	0	0	364	1537	144	30	-1	
4	1	286	1	1	0	364	1537	144	30	-1	
5	1	286	1	1	1	364	1537	86	29	96.383499	Campus
5	1	286	1	1	2	459	1538	49	29	96.684464	Type
2	1	287	0	0	0	697	1577	111	29	-1	
3	1	287	1	0	0	697	1577	111	29	-1	
4	1	287	1	1	0	697	1577	111	29	-1	
5	1	287	1	1	1	697	1577	111	29	96.170540	Campuses
2	1	288	0	0	0	1199	1577	111	29	-1	
3	1	288	1	0	0	1199	1577	111	29	-1	
4	1	288	1	1	0	1199	1577	111	29	-1	
5	1	288	1	1	1	1199	1577	111	29	96.258667	Campuses
2	1	289	0	0	0	788	1626	33	23	-1	
3	1	289	1	0	0	788	1626	33	23	-1	
4	1	289	1	1	0	788	1626	33	23	-1	
5	1	289	1	1	1	788	1626	33	23	96.969666	130
2	1	290	0	0	0	1038	1626	70	23	-1	
3	1	290	1	0	0	1038	1626	70	23	-1	
4	1	290	1	1	0	1038	1626	70	23	-1	
5	1	290	1	1	1	1038	1626	70	23	96.147949	Central
2	1	291	0	0	0	1304	1626	22	23	-1	
3	1	291	1	0	0	1304	1626	22	23	-1	
4	1	291	1	1	0	1304	1626	22	23	-1	
5	1	291	1	1	1	1304	1626	22	23	96.791939	85
2	1	292	0	0	0	365	1625	294	29	-1	
3	1	292	1	0	0	365	1625	294	29	-1	
4	1	292	1	1	0	365	1625	294	29	-1	
5	1	292	1	1	1	365	1625	43	24	96.923546	NES
5	1	292	1	1	2	417	1626	51	28	96.673927	(New
5	1	292	1	1	3	476	1626	95	23	96.265579	Education
5	1	292	1	1	4	579	1625	80	29	96.761826	System)
2	1	293	0	0	0	365	1668	91	24	-1	
3	1	293	1	0	0	365	1668	91	24	-1	
4	1	293	1	1	0	365	1668	91	24	-1	
5	1	293	1	1	1	365	1668	91	24	92.671936	Non-NES
2	1	294	0	0	0	788	1669	33	23	-1	
3	1	294	1	0	0	788	1669	33	23	-1	
4	1	294	1	1	0	788	1669	33	23	-1	
5	1	294	1	1	1	788	1669	33	23	96.644363	132
2	1	295	0	0	0	1039	1669	52	23	-1	
3	1	295	1	0	0	1039	1669	52	23	-1	
4	1	295	1	1	0	1039	1669	52	23	-1	
5	1	295	1	1	1	1039	1669	52	23	96.727272	North
2	1	296	0	0	0	1304	1669	22	23	-1	
3	1	296	1	0	0	1304	1669	22	23	-1	
4	1	296	1	1	0	1304	1669	22	23	-1	
5	1	296	1	1	1	1304	1669	22	23	96.870598	53
2	1	297	0	0	0	810	1713	11	22	-1	
3	1	297	1	0	0	810	1713	11	22	-1	
4	1	297	1	1	0	810	1713	11	22	-1	
5	1	297	1	1	1	810	1713	11	22	96.801086	4
2	1	298	0	0	0	1038	1712	56	23	-1	
3	1	298	1	0	0	1038	1712	56	23	-1	
4	1	298	1	1	0	1038	1712	56	23	-1	
5	1	298	1	1	1	1038	1712	56	23	96.743401	South
2	1	299	0	0	0	1303	1713	24	22	-1	
3	1	299	1	0	0	1303	1713	24	22	-1	
4	1	299	1	1	0	1303	1713	24	22	-1	
5	1	299	1	1	1	1303	1713	24	22	39.126053	68]
2	1	300	0	0	0	364	1712	176	29	-1	
3	1	300	1	0	0	364	1712	176	29	-1	
4	1	300	1	1	0	364	1712	176	29	-1	
5	1	300	1	1	1	364	1712	71	29	94.287834	Special
5	1	300	1	1	2	444	1712	96	23	94.287834	Education
2	1	301	0	0	0	365	1754	298	24	-1	
3	1	301	1	0	0	365	1754	298	24	-1	
4	1	301	1	1	0	365	1754	298	24	-1	
5	1	301	1	1	1	365	1754	126	24	96.719894	Performance
5	1	301	1	1	2	499	1754	83	24	95.967361	Contract
5	1	301	1	1	3	590	1754	73	24	95.967361	Charter
2	1	302	0	0	0	810	1755	11	23	-1	
3	1	302	1	0	0	810	1755	11	23	-1	
4	1	302	1	1	0	810	1755	11	23	-1	
5	1	302	1	1	1	810	1755	11	23	96.062431	6
2	1	303	0	0	0	1038	1755	51	23	-1	
3	1	303	1	0	0	1038	1755	51	23	-1	
4	1	303	1	1	0	1038	1755	51	23	-1	
5	1	303	1	1	1	1038	1755	51	23	94.840668	West
2	1	304	0	0	0	1303	1755	24	23	-1	
3	1	304	1	0	0	1303	1755	24	23	-1	
4	1	304	1	1	0	1303	1755	24	23	-1	
5	1	304	1	1	1	1303	1755	24	23	44.212021	67]
2	1	305	0	0	0	365	1799	58	23	-1	
3	1	305	1	0	0	365	1799	58	23	-1	
4	1	305	1	1	0	365	1799	58	23	-1	
5	1	305	1	1	1	365	1799	58	23	92.765244	DAEP
2	1	306	0	0	0	812	1799	6	23	-1	
3	1	306	1	0	0	812	1799	6	23	-1	
4	1	306	1	1	0	812	1799	6	23	-1	
5	1	306	1	1	1	812	1799	6	23	95.945740	1
2	1	307	0	0	0	1038	1799	51	23	-1	
3	1	307	1	0	0	1038	1799	51	23	-1	
4	1	307	1	1	0	1038	1799	51	23	-1	
5	1	307	1	1	1	1038	1799	51	23	94.833565	Total
2	1	308	0	0	0	1291	1799	36	23	-1	
3	1	308	1	0	0	1291	1799	36	23	-1	
4	1	308	1	1	0	1291	1799	36	23	-1	
5	1	308	1	1	1	1291	1799	36	23	90.495972	273
2	1	309	0	0	0	364	1844	51	23	-1	
3	1	309	1	0	0	364	1844	51	23	-1	
4	1	309	1	1	0	364	1844	51	23	-1	
5	1	309	1	1	1	364	1844	51	23	96.646591	Total
2	1	310	0	0	0	786	1844	35	23	-1	
3	1	310	1	0	0	786	1844	35	23	-1	
4	1	310	1	1	0	786	1844	35	23	-1	
5	1	310	1	1	1	786	1844	35	23	68.565308	213
2	1	311	0	0	0	365	1935	65	23	-1	
3	1	311	1	0	0	365	1935	65	23	-1	
4	1	311	1	1	0	365	1935	65	23	-1	
5	1	311	1	1	1	365	1935	65	23	96.173782	Notes:
2	1	312	0	0	0	366	1977	1224	29	-1	
3	1	312	1	0	0	366	1977	1224	29	-1	
4	1	312	1	1	0	366	1977	1224	29	-1	
5	1	312	1	1	1	366	1978	14	22	93.295525	1.
5	1	312	1	1	2	390	1977	91	24	92.821205	Non-NES
5	1	312	1	1	3	490	1978	51	28	93.300514	(PUA
5	1	312	1	1	4	549	1991	6	3	92.004333	-
5	1	312	1	1	5	564	1978	33	23	96.942940	Per
5	1	312	1	1	6	606	1978	36	23	96.386841	Unit
5	1	312	1	1	7	649	1977	101	29	93.145638	Allocation)
5	1	312	1	1	8	759	1991	7	3	83.632652	-
5	1	312	1	1	9	773	1977	66	24	96.265938	funded
5	1	312	1	1	10	847	1983	23	18	96.769073	on
5	1	312	1	1	11	878	1983	10	18	96.769073	a
5	1	312	1	1	12	897	1983	31	23	96.843834	per
5	1	312	1	1	13	936	1978	75	27	94.327263	student,
5	1	312	1	1	14	1021	1977	106	28	84.753586	enrollment,
5	1	312	1	1	15	1137	1978	34	23	96.736282	and
5	1	312	1	1	16	1180	1983	80	23	96.825203	average
5	1	312	1	1	17	1268	1977	43	29	96.754890	daily
5	1	312	1	1	18	1319	1978	108	23	91.440163	attendance
5	1	312	1	1	19	1435	1979	37	22	96.804962	rate
5	1	312	1	1	20	1481	1979	109	27	96.590393	percentage
2	1	313	0	0	0	364	2020	464	29	-1	
3	1	313	1	0	0	364	2020	464	29	-1	
4	1	313	1	1	0	364	2020	464	29	-1	
5	1	313	1	1	1	364	2021	16	23	85.465508	2.
5	1	313	1	1	2	390	2020	43	24	85.465508	NES
5	1	313	1	1	3	442	2021	51	28	96.498390	(New
5	1	313	1	1	4	501	2021	95	23	96.453590	Education
5	1	313	1	1	5	604	2020	80	29	90.599777	System)
5	1	313	1	1	6	693	2034	6	3	90.599777	-
5	1	313	1	1	7	707	2026	35	18	96.010307	see
5	1	313	1	1	8	750	2026	48	23	96.226517	page
5	1	313	1	1	9	806	2021	22	23	96.226517	53
2	1	314	0	0	0	364	2063	754	29	-1	
3	1	314	1	0	0	364	2063	754	29	-1	
4	1	314	1	1	0	364	2063	754	29	-1	
5	1	314	1	1	1	364	2064	16	23	78.471107	3.
5	1	314	1	1	2	390	2063	76	24	78.471107	RDSPD
5	1	314	1	1	3	474	2064	34	23	96.289108	and
5	1	314	1	1	4	517	2064	46	23	96.827438	Soar
5	1	314	1	1	5	570	2063	66	24	93.298676	Center
5	1	314	1	1	6	643	2077	6	3	91.888741	-
5	1	314	1	1	7	658	2064	90	28	95.049232	budgeted
5	1	314	1	1	8	756	2064	54	23	96.884895	within
5	1	314	1	1	9	818	2063	71	29	95.777939	Special
5	1	314	1	1	10	898	2064	96	23	95.777939	Education
5	1	314	1	1	11	1002	2064	116	28	87.447388	department.
