pdf_page,campus,org,type,level_division,feeder,proj_enrollment,6100_payroll,6200_contracted,6300_supplies,6400_other_op,6600_capital,gf_total,title_i_alloc
141,Alcott ES,102,NES,Elementary South,Sterling High School,234,2344344.0,535602.0,99204.0,2000.0,0.0,2981150.0,81720.96
141,Almeda ES,104,NES,Elementary South,Worthing High School,786,5563503.0,221576.0,279484.0,2000.0,0.0,6066563.0,281032.65
141,Anderson ES,105,NES,Elementary West,Westbury High School,574,4263764.0,162108.0,212984.0,2000.0,0.0,4640856.0,211072.46
141,Arabic Immersion,478,Non-NES,Elementary Central,Lamar High School,585,3247071.0,233881.0,241407.0,5500.0,5850.0,3733709.0,111757.23
141,Ashford ES,273,NES,Elementary West,Westside High School,511,4335061.0,212060.0,193704.0,2000.0,0.0,4742825.0,160843.82
141,Askew ES,274,NES,Elementary West,Westside High School,853,6249519.0,230431.0,416919.0,2000.0,0.0,6898869.0,233525.35
141,Atherton ES,106,NES,Elementary Central,Wheatley High School,473,3886001.0,213494.0,426882.0,2000.0,0.0,4528377.0,162144.04
141,Attucks MS,041,Non-NES,Middle School South,Worthing High School,422,3563208.0,465743.0,64071.0,7513.0,4220.0,4104755.0,155015.01
141,Austin HS,001,NES,High School Central,Austin High School,1148,9522322.0,687241.0,519876.0,2000.0,0.0,10731439.0,445749.45
141,Baker Montessori ES,259,Non-NES,K-8,Central   Lamar High School,592,3871720.0,131573.0,142954.0,10000.0,5920.0,4162167.0,0.0
141,Barrick ES,107,Non-NES,Elementary North,Houston MSTC,468,2927456.0,116082.0,102832.0,10800.0,4680.0,3161850.0,165040.23
141,Bastian ES,108,Non-NES,Elementary South,Worthing High School,694,3653129.0,245084.0,157731.0,33000.0,6940.0,4095884.0,240137.84
141,BCM Acad MS,467,Non-NES,Middle School South,Yates High School,308,2897636.0,379201.0,60366.0,19496.0,3080.0,3359779.0,82116.18
141,BCM Biotech @ Rusk,234,Non-NES,Middle School Central,Wheatley High School,345,2819037.0,356166.0,152980.0,54300.0,3450.0,3385933.0,91817.67
141,Bell ES,151,NES,Elementary West,Westbury High School,538,4268949.0,191931.0,495816.0,2000.0,0.0,4958696.0,188976.7
141,Bellaire HS,002,Non-NES,High School West,Bellaire High School,3093,18343058.0,1003664.0,131798.0,15950.0,102926.0,19597396.0,552260.92
141,Bellfort ECC,360,Non-NES,Elementary South,Chavez High School,333,2255544.0,106368.0,30679.0,4284.0,0.0,2396875.0,114790.96
141,Benavidez ES,295,NES,Elementary West,Wisdom High School,821,5615108.0,238638.0,293076.0,2000.0,0.0,6148822.0,305170.84
141,Benbrook ES,268,Non-NES,Elementary North,Scarborough High School,464,2830576.0,94277.0,70526.0,6000.0,4640.0,3006019.0,172259.1
141,Berry ES,109,NES,Elementary North,Kashmere High School,762,5483687.0,233651.0,536370.0,2000.0,0.0,6255708.0,270587.19
141,Black MS,042,Non-NES,Middle School North,Waltrip High School,1332,7462636.0,517783.0,275206.0,60000.0,13320.0,8328945.0,258656.68
141,Blackshear ES,110,NES,Elementary South,Yates High School,313,2790158.0,217175.0,178470.0,2000.0,0.0,3187803.0,109101.12
141,Bonham ES,111,NES,Elementary West,Sharpstown High School,1023,6815238.0,323573.0,358476.0,2000.0,0.0,7499287.0,357765.68
141,Bonner ES,112,NES,Elementary South,Chavez High School,568,4407911.0,278854.0,206784.0,2000.0,0.0,4895549.0,210083.97
141,Booker Washington HS,016,NES,High School North,Washington BT High Schoo,833,8099943.0,507230.0,366825.0,2000.0,0.0,8975998.0,297397.5
141,Braeburn ES,114,Non-NES,Elementary West,Bellaire High School,889,5643745.0,219998.0,88715.0,23050.0,63822.0,6039330.0,308385.17
141,Briargrove ES,116,Non-NES,Elementary West,Wisdom High School,879,5180145.0,185451.0,296645.0,19900.0,8790.0,5690931.0,171592.71
141,Briarmeadow Charter,344,Non-NES,K-8,West      Wisdom High School,554,3959624.0,167446.0,56596.0,7500.0,5540.0,4196706.0,75398.46
141,Briscoe ES,117,Non-NES,Elementary Central,Austin High School,225,2192692.0,103814.0,181583.0,210000.0,12250.0,2700339.0,77898.36
141,Brookline ES,119,NES,Elementary South,Sterling High School,617,4657934.0,250124.0,227964.0,2000.0,0.0,5138022.0,233609.08
141,Browning ES,120,NES,Elementary Central,Heights High School,404,3041511.0,122998.0,150164.0,2000.0,0.0,3316673.0,131439.92
141,Bruce ES,121,NES,Elementary Central,Wheatley High School,282,2450902.0,234960.0,342183.0,2000.0,0.0,3030045.0,108973.72
141,Burbank ES,122,Non-NES,Elementary North,Houston MSTC,753,5217918.0,159199.0,66673.0,9870.0,7530.0,5461190.0,268918.49
141,Burbank MS,043,Non-NES,Middle School North,Houston MSTC,1420,8962848.0,725005.0,274476.0,48500.0,14200.0,10025029.0,505595.82
141,Burnet ES,124,Non-NES,Elementary Central,Austin High School,369,2540969.0,291161.0,39109.0,2000.0,3690.0,2876929.0,119383.59
141,Burrus ES,125,NES,Elementary North,Washington BT High Schoo,191,2272282.0,151283.0,263726.0,2000.0,0.0,2689291.0,73895.48
141,Bush ES,275,Non-NES,Elementary West,Westside High School,720,4261124.0,204202.0,97962.0,8040.0,0.0,4571328.0,0.0
141,Cage ES,287,NES,Elementary Central,Austin High School,343,3270546.0,214476.0,138384.0,2000.0,0.0,3625406.0,115759.53
141,Carnegie Vanguard HS,322,Non-NES,High School Central,Heights High School,816,4683828.0,289804.0,389062.0,65245.0,12160.0,5440099.0,99849.86
141,Carrillo ES,292,Non-NES,Elementary Central,Austin High School,344,2717964.0,133431.0,192430.0,9000.0,47158.0,3099983.0,107686.3
141,Challenge EC HS,323,Non-NES,High School Central,Lamar High School,459,2887504.0,98680.0,108467.0,14000.0,0.0,3108651.0,142050.75
141,Chavez HS,027,Non-NES,High School South,Chavez High School,1970,12871186.0,1012417.0,213886.0,80300.0,0.0,14177789.0,673438.18
141,Clifton MS,048,NES,Middle School North,Scarborough High School,358,3682396.0,312639.0,235148.0,2000.0,0.0,4232183.0,148228.83
141,Codwell ES,123,NES,Elementary South,Sterling High School,346,2797855.0,115895.0,381331.0,2000.0,0.0,3297081.0,116488.85
141,Condit ES,130,Non-NES,Elementary West,Bellaire High School,736,4990661.0,125124.0,73183.0,8001.0,12000.0,5208969.0,82465.17
141,Cook ES,358,NES,Elementary North,Kashmere High School,465,3516441.0,246271.0,471924.0,2000.0,0.0,4236636.0,166577.04
141,Coop ES,132,NES,Elementary North,Houston MSTC,524,3971299.0,269171.0,194984.0,2000.0,0.0,4437454.0,199198.62
141,133                                              Cornelius ES,133,Non-NES,Elementary South,Sterling High School,760,4515821.0,172095.0,109872.0,1002.0,32600.0,4831390.0,257330.94
141,Crespo ES,290,Non-NES,Elementary South,Milby High School,522,3753088.0,222695.0,199295.0,23101.0,13348.0,4211527.0,180710.11
141,Crockett ES,135,NES,Elementary Central,Heights High School,547,3851101.0,153831.0,556143.0,2000.0,0.0,4563075.0,119315.42
141,Cullen MS,044,NES,Middle School South,Yates High School,272,3797865.0,388340.0,110184.0,2000.0,0.0,4298389.0,105168.1
141,Cunningham ES,136,Non-NES,Elementary West,Bellaire High School,548,3547908.0,196279.0,91003.0,5500.0,0.0,3840690.0,187008.46
142,DAEP Secondary,402,DAEP,Middle School Central,Northside High School,80,3726966.0,52026.0,324695.0,38200.0,236507.0,4378394.0,0.0
142,Davila ES,297,Non-NES,Elementary South,Milby High School,413,3440038.0,132384.0,157519.0,8000.0,4130.0,3742071.0,147575.14
142,De Chaumes ES,137,Non-NES,Elementary North,Houston MSTC,696,4369066.0,196774.0,64804.0,9300.0,6960.0,4646904.0,248595.37
142,Deady MS,045,NES,Middle School South,Milby High School,410,4405446.0,416535.0,254600.0,2000.0,0.0,5078581.0,175537.06
142,DeAnda ES,383,Non-NES,Elementary South,Sterling High School,646,4024523.0,156471.0,69840.0,14000.0,11460.0,4276294.0,209798.88
142,DeBakey HS,026,Non-NES,High School Central,Lamar High School,899,6098167.0,1056690.0,85500.0,6500.0,47990.0,7294847.0,123872.85
142,DeZavala ES,138,NES,Elementary South,Milby High School,136,2262006.0,161331.0,179259.0,2000.0,0.0,2604596.0,81011.89
142,Dogan ES,140,NES,Elementary Central,Wheatley High School,465,3806465.0,199941.0,174424.0,2000.0,0.0,4182830.0,167517.75
142,Durham ES,115,Non-NES,Elementary North,Waltrip High School,578,3417827.0,127383.0,67480.0,16500.0,5780.0,3634970.0,123741.46
142,Durkee ES,144,NES,Elementary North,Houston MSTC,428,3310164.0,207727.0,163384.0,2000.0,0.0,3683275.0,153628.04
142,East EC HS,345,Non-NES,High School Central,Austin High School,451,2694346.0,143471.0,185985.0,16000.0,4510.0,3044312.0,131876.45
142,Eastwood Acad HS,301,Non-NES,High School Central,Austin High School,380,2475305.0,120983.0,106668.0,12500.0,30800.0,2746256.0,92917.57
142,Edison MS,046,NES,Middle School Central,Austin High School,408,4548696.0,368583.0,159044.0,2000.0,0.0,5078323.0,155102.24
142,Eliot ES,147,NES,Elementary Central,Wheatley High School,495,3780636.0,317717.0,184464.0,2000.0,0.0,4284817.0,172539.37
142,Elmore ES,475,NES,Elementary North,Kashmere High School,458,3688879.0,284700.0,164904.0,2000.0,0.0,4140483.0,182808.98
142,Elrod ES,148,Non-NES,Elementary West,Westbury High School,724,4637827.0,262915.0,284895.0,17950.0,38240.0,5241827.0,263449.83
142,Emerson ES,149,Non-NES,Elementary West,Wisdom High School,1026,5304945.0,281328.0,161396.0,18600.0,166760.0,5933029.0,356389.14
142,Energized ECC,350,Charter,Charter,West      Bellaire High School,144,2818.0,567576.0,0.0,0.0,0.0,570394.0,68249.54
142,Energized ES,364,Charter,Charter,West      Bellaire High School,718,12232.0,4127453.0,0.0,0.0,0.0,4139685.0,332057.57
142,Energized MS,342,Charter,Charter,West      Bellaire High School,460,21966.0,2771025.0,0.0,0.0,0.0,2792991.0,194271.49
142,Energy Inst HS,468,Non-NES,High School South,Yates High School,660,3792655.0,170713.0,46854.0,0.0,6600.0,4016822.0,137528.71
142,E-STEM Central HS,321,Charter,Charter,West      Sharpstown High School,490,25104.0,2900258.0,0.0,0.0,0.0,2925362.0,194271.49
142,E-STEM West MS,390,Charter,Charter,West      Sharpstown High School,320,15370.0,1784404.0,0.0,0.0,0.0,1799774.0,125204.97
142,Farias ECC,352,Non-NES,Elementary North,Houston MSTC,381,2759524.0,117659.0,31932.0,5000.0,3810.0,2917925.0,143990.41
142,Field ES,152,Non-NES,Elementary Central,Heights High School,459,2976383.0,168177.0,42991.0,4225.0,4590.0,3196366.0,76768.28
142,Fleming MS,078,NES,Middle School Central,Wheatley High School,339,3434843.0,361273.0,268084.0,2000.0,0.0,4066200.0,124549.09
142,Foerster ES,271,NES,Elementary West,Westbury High School,495,4010214.0,139582.0,187424.0,2000.0,0.0,4339220.0,195419.58
142,Fondren ES,153,Non-NES,Elementary South,Madison High School,331,1932672.0,129709.0,292417.0,8000.0,12000.0,2374798.0,111689.99
142,Fondren MS,072,NES,Middle School West,Westbury High School,654,5545445.0,418029.0,322246.0,2000.0,0.0,6287720.0,273427.01
142,Fonville MS,047,NES,Middle School North,Houston MSTC,617,5570013.0,460011.0,352744.0,2000.0,0.0,6384768.0,234484.24
142,Fonwood ECC,470,Non-NES,Elementary North,North Forest High School,416,2920226.0,135852.0,17622.0,5500.0,4160.0,3083360.0,157319.57
142,Forest Brook MS,476,NES,Middle School North,North Forest High School,516,4750199.0,473170.0,192644.0,2000.0,0.0,5418013.0,217265.85
142,Foster ES,154,Non-NES,Elementary South,Yates High School,382,2404406.0,187364.0,136182.0,14500.0,3820.0,2746272.0,132192.14
142,Fraga Middle Colg HS,485,Non-NES,High School Central,Austin High School,120,981840.0,8695.0,84935.0,4000.0,1200.0,1080670.0,40276.08
142,Franklin ES,155,NES,Elementary Central,Austin High School,223,2371259.0,158244.0,98364.0,2000.0,0.0,2629867.0,83128.24
142,Frost ES,156,NES,Elementary South,Sterling High School,434,3460284.0,237243.0,165664.0,2000.0,0.0,3865191.0,163404.58
142,Furr HS,004,NES,High School Central,Furr High School,960,8456363.0,489199.0,510481.0,2000.0,0.0,9458043.0,353323.79
142,Gallegos ES,291,NES,Elementary Central,Austin High School,379,3085714.0,189603.0,150104.0,2000.0,0.0,3427421.0,132920.47
142,Garcia ES,283,Non-NES,Elementary North,Houston MSTC,310,2202595.0,96289.0,54867.0,4000.0,3100.0,2360851.0,116607.28
142,Garden Oaks ES,157,Non-NES,K-8,North     Waltrip High School,768,5559978.0,184508.0,255587.0,20000.0,7680.0,6027753.0,107013.67
142,Garden Villas ES,158,Non-NES,Elementary South,Sterling High School,366,2722582.0,246290.0,195287.0,11000.0,3660.0,3178819.0,115629.89
142,Golfcrest ES,159,NES,Elementary South,Sterling High School,394,3440821.0,158720.0,153264.0,2000.0,0.0,3754805.0,149532.14
142,Gregg ES,162,NES,Elementary South,Sterling High School,358,3298643.0,176865.0,143184.0,2000.0,0.0,3620692.0,134741.3
142,Gregory-Lincoln PK-8,058,NES,K-8,Central   Heights High School,452,4408994.0,317049.0,500751.0,2000.0,0.0,5228794.0,161798.05
142,Grissom ES,262,NES,Elementary South,Madison High School,473,3778202.0,142555.0,179584.0,2000.0,0.0,4102341.0,158618.51
142,Gross ES,369,NES,Elementary West,Westbury High School,391,3338573.0,188846.0,151024.0,2000.0,0.0,3680443.0,150197.71
142,Gulfton Middle Colg,484,Non-NES,High School West,Bellaire High School,104,856436.0,30538.0,28528.0,2500.0,1040.0,919042.0,39914.01
142,HAIS HS,348,Non-NES,High School Central,Lamar High School,453,2776335.0,227783.0,209705.0,15350.0,0.0,3229173.0,108006.06
142,Halpin ECC,131,Non-NES,Elementary West,Westbury High School,347,2611615.0,140949.0,120130.0,9200.0,23470.0,2905364.0,125860.2
142,Hamilton MS,049,Non-NES,Middle School Central,Heights High School,819,5280336.0,331745.0,333212.0,233393.0,8190.0,6186876.0,257780.27
142,Harper DAEP,351,DAEP,High School Central,Wheatley High School,194,3902575.0,224239.0,155607.0,33413.0,34778.0,4350612.0,0.0
142,Harris Co-JJAEP,320,DAEP,Non-RAS,West      Bellaire High School,27,0.0,792000.0,0.0,0.0,0.0,792000.0,0.0
143,"Harris, J.R. ES",166,NES,Elementary South,Milby High School,313,2679200.0,154804.0,122524.0,2000.0,0.0,2958528.0,111006.79
143,"Harris, R.P. ES",167,NES,Elementary Central,Furr High School,326,2913199.0,195308.0,129464.0,2000.0,0.0,3239971.0,139481.63
143,Hartman MS,051,NES,Middle School South,Sterling High School,634,5531325.0,516082.0,393910.0,2000.0,0.0,6443317.0,261825.04
143,Hartsfield ES,168,NES,Elementary South,Yates High School,301,2793629.0,155435.0,274022.0,2000.0,0.0,3225086.0,108373.78
143,Harvard ES,169,Non-NES,Elementary Central,Heights High School,672,3941858.0,131399.0,323093.0,13400.0,6720.0,4416470.0,0.0
143,Heights HS,012,Non-NES,High School Central,Heights High School,2462,14600081.0,1080801.0,559817.0,161790.0,39244.0,16441733.0,530903.68
143,Helms ES,170,Non-NES,Elementary Central,Heights High School,488,3293963.0,136837.0,57642.0,6000.0,0.0,3494442.0,80462.7
143,Henderson JP ES,171,Non-NES,Elementary Central,Austin High School,532,3152034.0,171547.0,58988.0,6000.0,0.0,3388569.0,191934.71
143,Henderson NQ ES,172,NES,Elementary Central,Wheatley High School,205,2335260.0,126226.0,90204.0,2000.0,0.0,2553690.0,71645.72
143,Henry MS,052,NES,Middle School North,Houston MSTC,534,5424797.0,384486.0,320064.0,2000.0,0.0,6131347.0,217349.95
143,Herod ES,173,Non-NES,Elementary West,Bellaire High School,739,4570851.0,163107.0,115664.0,6800.0,17390.0,4873812.0,171752.36
143,Herrera ES,286,Non-NES,Elementary North,Houston MSTC,780,4997935.0,136282.0,50907.0,0.0,7800.0,5192924.0,253442.7
143,Highland Heights ES,174,NES,Elementary North,Washington BT High Schoo,420,3637241.0,231561.0,162864.0,2000.0,0.0,4033666.0,160378.65
143,Hilliard ES,473,NES,Elementary North,North Forest High School,592,4071511.0,308626.0,217424.0,2000.0,0.0,4599561.0,210354.33
143,Hines-Caldwell ES,395,Non-NES,Elementary South,Madison High School,699,3885744.0,177153.0,0.0,0.0,0.0,4062897.0,231692.4
143,Hobby ES,175,NES,Elementary South,Madison High School,423,3412080.0,171001.0,161984.0,2000.0,0.0,3747065.0,157924.73
143,Hogg MS,053,Non-NES,Middle School Central,Heights High School,1140,7268113.0,717002.0,133308.0,1000.0,74107.0,8193530.0,178099.3
143,Holland MS,050,NES,Middle School Central,Furr High School,498,4897655.0,372576.0,202244.0,2000.0,0.0,5474475.0,206969.63
143,Horn ES,178,Non-NES,Elementary West,Bellaire High School,751,4498136.0,211426.0,174639.0,6500.0,17110.0,4907811.0,0.0
143,Houston MSTC HS,310,NES,High School North,Houston MSTC,2579,19378093.0,778429.0,1013938.0,2000.0,0.0,21172460.0,902674.79
143,HS Ahead Academy MS,456,Non-NES,Middle School North,Washington BT High Schoo,118,1291622.0,23199.0,2108.0,0.0,2902.0,1319831.0,52439.86
143,HSPVA,025,Non-NES,High School Central,Northside High School,765,5535952.0,760084.0,9498.0,2248.0,7650.0,6315432.0,0.0
143,Isaacs ES,180,NES,Elementary Central,Wheatley High School,275,2420028.0,104253.0,108124.0,2000.0,0.0,2634405.0,94579.42
143,Janowski ES,181,Non-NES,Elementary North,Houston MSTC,393,2746727.0,133207.0,44656.0,20000.0,3930.0,2948520.0,140810.49
143,Jefferson ES,182,NES,Elementary Central,Northside High School,316,2780055.0,117033.0,123324.0,2000.0,0.0,3022412.0,115127.98
143,Jones Futures Acad,006,Non-NES,High School South,Worthing High School,302,2424650.0,319691.0,44344.0,300.0,3020.0,2792005.0,108939.84
143,Kashmere Gardens ES,185,NES,Elementary North,Kashmere High School,282,2907933.0,126718.0,361431.0,2000.0,0.0,3398082.0,118796.38
143,Kashmere HS,007,NES,High School North,Kashmere High School,570,7077873.0,539977.0,522844.0,2000.0,0.0,8142694.0,226529.26
143,Kelso ES,187,NES,Elementary South,Sterling High School,390,3153659.0,146705.0,147684.0,2000.0,0.0,3450048.0,143194.31
143,Kennedy ES,188,NES,Elementary North,Washington BT High Schoo,477,3636069.0,186041.0,179144.0,2000.0,0.0,4003254.0,172372.96
143,Ketelsen ES,389,NES,Elementary Central,Northside High School,395,3292385.0,253182.0,151304.0,2000.0,0.0,3698871.0,147593.03
143,Key MS,079,NES,Middle School North,Kashmere High School,548,5031078.0,390499.0,453943.0,2000.0,0.0,5877520.0,198688.68
143,Kolter ES,189,Non-NES,Elementary West,Bellaire High School,754,4748821.0,157515.0,196963.0,5000.0,7540.0,5115839.0,0.0
143,Lamar HS,008,Non-NES,High School Central,Lamar High School,3043,16994019.0,1544285.0,156007.0,62500.0,30430.0,18787241.0,500400.0
143,"Lanier, B. MS",057,Non-NES,Middle School Central,Lamar High School,1410,8075784.0,589450.0,282845.0,22000.0,14100.0,8984179.0,0.0
143,Lantrip ES,192,Non-NES,Elementary Central,Austin High School,457,2649734.0,239700.0,70947.0,5000.0,12570.0,2977951.0,129787.71
143,Las Americas MS,340,NES,Middle School West,Sharpstown High School,191,2360569.0,81964.0,89484.0,2000.0,0.0,2534017.0,76260.66
143,Laurenzo ECC,357,Non-NES,Elementary Central,Austin High School,216,1830989.0,75675.0,92310.0,122000.0,2160.0,2123134.0,73934.95
143,Law and Justice HS,034,Non-NES,High School Central,Austin High School,421,2910351.0,169892.0,90049.0,1000.0,0.0,3171292.0,125750.95
143,Law ES,263,Non-NES,Elementary South,Worthing High School,501,2942164.0,140946.0,160913.0,53400.0,9510.0,3306933.0,182482.31
143,"Lawson, A.H. MS",075,NES,Middle School South,Madison High School,1018,8599707.0,617199.0,593352.0,2000.0,0.0,9812258.0,389743.51
143,Lewis ES,194,NES,Elementary South,Chavez High School,707,4933501.0,265868.0,256010.0,2000.0,0.0,5457379.0,253757.61
143,Liberty HS,324,Non-NES,High School West,Bellaire High School,328,2154519.0,443627.0,105895.0,300.0,3280.0,2707621.0,135833.8
143,Lockhart ES,195,NES,Elementary South,Yates High School,307,2909430.0,157150.0,283912.0,2000.0,0.0,3352492.0,109321.89
143,Long Academy,059,NES,Middle School West,Sharpstown High School,670,6551440.0,565345.0,294212.0,2000.0,0.0,7412997.0,254279.44
143,Longfellow ES,196,NES,Elementary West,Bellaire High School,663,4520409.0,208382.0,587132.0,2000.0,0.0,5317923.0,177856.1
143,Looscan ES,197,NES,Elementary Central,Northside High School,245,2227827.0,162168.0,103684.0,2000.0,0.0,2495679.0,81971.22
143,Love ES,198,Non-NES,Elementary Central,Heights High School,334,2608285.0,107090.0,57565.0,48017.0,3340.0,2824297.0,80511.5
143,Lovett ES,199,Non-NES,Elementary West,Bellaire High School,663,4396350.0,160570.0,203437.0,4000.0,6630.0,4770987.0,85727.72
143,Lyons ES,128,Non-NES,Elementary North,Houston MSTC,829,4869528.0,135323.0,80912.0,0.0,8290.0,5094053.0,287835.15
143,M. Leland Coll. Prep,458,Non-NES,Middle School Central,Wheatley High School,287,2431522.0,229787.0,62950.0,750.0,2870.0,2727879.0,89141.41
143,135                                              MacGregor ES,201,Non-NES,Elementary Central,Lamar High School,420,2922749.0,135989.0,92073.0,0.0,0.0,3150811.0,122842.2
144,Mading ES,203,Non-NES,Elementary South,Sterling High School,357,2683659.0,169361.0,117217.0,7500.0,74570.0,3052307.0,115293.1
144,Madison HS,010,NES,High School South,Madison High School,1810,13492024.0,815664.0,721768.0,2000.0,0.0,15031456.0,618113.32
144,Mandarin Chinese Sch,460,Non-NES,K-8,West      Wisdom High School,789,4884871.0,110447.0,208126.0,15000.0,7890.0,5226334.0,0.0
144,Marshall ES,480,NES,Elementary North,North Forest High School,511,3895062.0,311019.0,176704.0,2000.0,0.0,4384785.0,190555.08
144,Marshall MS,061,NES,Middle School Central,Northside High School,524,4711155.0,356062.0,321538.0,2000.0,0.0,5390755.0,200957.92
144,"Martinez, C. ES",289,Non-NES,Elementary Central,Northside High School,263,1921178.0,125456.0,78669.0,5500.0,0.0,2130803.0,91483.43
144,"Martinez, R. ES",298,NES,Elementary Central,Wheatley High School,399,3344802.0,193193.0,153784.0,2000.0,0.0,3693779.0,150125.35
144,McGowen ES,179,NES,Elementary North,Kashmere High School,322,2642312.0,174815.0,132584.0,2000.0,0.0,2951711.0,124269.29
144,McNamara ES,227,Non-NES,Elementary West,Sharpstown High School,974,5629680.0,158496.0,138406.0,18700.0,9740.0,5955022.0,350327.38
144,McReynolds MS,062,NES,Middle School Central,Wheatley High School,279,3508942.0,491200.0,239064.0,2000.0,0.0,4241206.0,119564.88
144,Memorial ES,204,Non-NES,Elementary Central,Lamar High School,437,2743025.0,131969.0,52070.0,3000.0,4370.0,2934434.0,62650.77
144,Meyerland PVA MS,055,Non-NES,Middle School West,Bellaire High School,1129,7663094.0,729609.0,173914.0,5000.0,61290.0,8632907.0,222074.64
144,Milby HS,011,Non-NES,High School South,Milby High School,2106,12831764.0,846757.0,837383.0,101877.0,88520.0,14706301.0,726157.51
144,Milne ES,299,NES,Elementary West,Sharpstown High School,490,3759809.0,150454.0,182824.0,2000.0,0.0,4095087.0,179048.73
144,Mistral ECC,354,Non-NES,Elementary West,Bellaire High School,343,2567340.0,145737.0,150218.0,1500.0,6921.0,2871716.0,117205.44
144,Mitchell ES,264,NES,Elementary South,Sterling High School,617,4834106.0,141717.0,223504.0,2000.0,0.0,5201327.0,203573.86
144,MLK ECC,355,Non-NES,Elementary South,Madison High School,311,2243607.0,130454.0,71507.0,7400.0,15110.0,2468078.0,111798.86
144,Montgomery ES,207,NES,Elementary South,Madison High School,411,3367209.0,149510.0,159224.0,2000.0,0.0,3677943.0,150560.51
144,Moreno ES,359,Non-NES,Elementary North,Houston MSTC,692,4044543.0,237526.0,133135.0,30500.0,6920.0,4452624.0,250265.37
144,Mount Carmel Acad HS,311,Charter,Charter,South     Sterling High School,216,0.0,1594685.0,0.0,0.0,0.0,1594685.0,73511.77
144,"Navarro, Y.B. MS",054,NES,Middle School Central,Austin High School,437,4240989.0,448716.0,168044.0,2000.0,0.0,4859749.0,175162.76
144,Neff ECC,209,Non-NES,Elementary West,Sharpstown High School,573,3948013.0,183557.0,65536.0,6500.0,0.0,4203606.0,204716.17
144,Neff ES,394,NES,Elementary West,Sharpstown High School,747,5208955.0,130403.0,256644.0,2000.0,0.0,5598002.0,255620.07
144,North Forest HS,477,NES,High School North,North Forest High School,906,8555318.0,818030.0,373156.0,2000.0,0.0,9748504.0,337319.38
144,North Houston EC HS,308,Non-NES,High School North,Houston MSTC,475,3001944.0,88200.0,62391.0,0.0,4750.0,3157285.0,153577.73
144,Northline ES,210,NES,Elementary North,Houston MSTC,382,3042193.0,170357.0,153504.0,2000.0,0.0,3368054.0,143194.31
144,Northside HS,003,NES,High School Central,Northside High School,1016,8808770.0,561990.0,412856.0,2000.0,0.0,9785616.0,378416.5
144,Oak Forest ES,211,Non-NES,Elementary North,Waltrip High School,916,5856349.0,250978.0,18233.0,1820.0,9160.0,6136540.0,0.0
144,Oates ES,212,NES,Elementary Central,Furr High School,232,2571305.0,158793.0,100924.0,2000.0,0.0,2833022.0,96441.85
144,Ortiz MS,338,NES,Middle School South,Chavez High School,754,6422006.0,480101.0,491050.0,2000.0,0.0,7395157.0,278504.41
144,Osborne ES,213,NES,Elementary North,Washington BT High Schoo,329,2824635.0,173849.0,130764.0,2000.0,0.0,3131248.0,116318.6
144,Park Place ES,214,Non-NES,Elementary South,Chavez High School,712,4334815.0,246081.0,43115.0,5744.0,7120.0,4636875.0,242428.76
144,Parker ES,215,Non-NES,Elementary West,Westbury High School,882,5874821.0,212827.0,204203.0,36849.0,8820.0,6337520.0,126106.49
144,Patterson ES,216,Non-NES,Elementary South,Chavez High School,872,5144842.0,184167.0,119502.0,7000.0,8720.0,5464231.0,305044.51
144,Peck ES,217,NES,Elementary South,Yates High School,329,3123637.0,231866.0,128804.0,2000.0,0.0,3486307.0,121203.19
144,Pershing MS,064,Non-NES,Middle School Central,Lamar High School,1250,8235535.0,720671.0,89506.0,0.0,0.0,9045712.0,255674.19
144,Petersen ES,265,NES,Elementary South,Madison High School,352,2852883.0,149023.0,139704.0,2000.0,0.0,3143610.0,127116.57
144,Pilgrim Academy,218,Non-NES,K-8,West      Wisdom High School,1286,7563859.0,409832.0,418265.0,160000.0,12860.0,8564816.0,462305.41
144,Pin Oak MS,337,Non-NES,Middle School West,Bellaire High School,1184,7523880.0,613237.0,74213.0,12900.0,11840.0,8236070.0,189846.73
144,Piney Point ES,219,Non-NES,Elementary West,Wisdom High School,1312,7512841.0,365696.0,651012.0,62604.0,58120.0,8650273.0,450304.11
144,Pleasantville ES,220,Non-NES,Elementary Central,Furr High School,230,1808405.0,99889.0,56544.0,2675.0,2300.0,1969813.0,81945.9
144,Poe ES,221,Non-NES,Elementary Central,Lamar High School,734,4077889.0,167594.0,51073.0,5550.0,7340.0,4309446.0,0.0
144,Port Houston ES,222,NES,Elementary Central,Furr High School,274,2534523.0,118475.0,109844.0,2000.0,0.0,2764842.0,97960.57
144,Project Chrysalis MS,071,NES,Middle School Central,Austin High School,247,2635276.0,76375.0,78900.0,2000.0,0.0,2792551.0,67398.33
144,Pugh ES,223,NES,Elementary Central,Wheatley High School,313,2618648.0,121761.0,270200.0,2000.0,0.0,3012609.0,108807.87
144,Ray Daily ES,396,Non-NES,Elementary West,Westside High School,818,4787400.0,222800.0,147224.0,7000.0,28180.0,5192604.0,191087.98
144,Reagan Ed Ctr K-8,382,NES,K-8,South     Madison High School,737,6511158.0,528868.0,269810.0,2000.0,0.0,7311836.0,261253.18
144,Red ES,224,Non-NES,Elementary West,Westbury High School,564,3571414.0,126818.0,112359.0,4500.0,5640.0,3820731.0,146658.02
144,Revere MS,060,NES,Middle School West,Westside High School,1101,8687275.0,463430.0,503036.0,2000.0,0.0,9655741.0,388261.91
144,Reynolds ES,225,NES,Elementary South,Worthing High School,281,2598050.0,224299.0,112964.0,2000.0,0.0,2937313.0,99576.73
144,Rice School PK-8,080,Non-NES,K-8,Central   Lamar High School,1031,6871247.0,341142.0,66517.0,0.0,10310.0,7289216.0,254733.25
144,River Oaks ES,228,Non-NES,Elementary Central,Lamar High School,740,4315440.0,192855.0,250617.0,500.0,7400.0,4766812.0,0.0
145,Roberts ES,229,Non-NES,Elementary,Central   Lamar High School,731,4015451.0,163857.0,294023.0,900.0,7310.0,4481541.0,0.0
145,Robinson ES,186,NES,Elementary,Central   Furr High School,410,3195433.0,236637.0,156064.0,2000.0,0.0,3590134.0,162780.78
145,Roderick R Paige ES,113,NES,Elementary,North     Kashmere High School,377,2932750.0,259557.0,150024.0,2000.0,0.0,3344331.0,142682.03
145,Rodriguez ES,372,Non-NES,Elementary,West      Wisdom High School,902,5214537.0,289226.0,124313.0,6800.0,22020.0,5656896.0,299671.24
145,Roosevelt ES,231,Non-NES,Elementary,Central   Northside High School,405,2936476.0,138779.0,50066.0,2500.0,14050.0,3141871.0,124052.31
145,Ross ES,232,NES,Elementary,Central   Northside High School,223,2458006.0,111428.0,232010.0,2000.0,0.0,2803444.0,91780.12
145,Rucker ES,233,NES,Elementary,South     Chavez High School,441,3302139.0,205007.0,167624.0,2000.0,0.0,3676770.0,142257.39
145,Sanchez ES,281,NES,Elementary,South     Milby High School,382,3300062.0,164711.0,150424.0,2000.0,0.0,3617197.0,152528.78
145,Scarborough ES,237,Non-NES,Elementary,North     Houston MSTC,724,4491065.0,161955.0,677695.0,10002.0,7240.0,5347957.0,248521.57
145,Scarborough HS,024,NES,High School,North     Scarborough High School,697,7214940.0,451971.0,298014.0,2000.0,0.0,7966925.0,252296.49
145,Schl @ St. George ES,353,Non-NES,Elementary,West      Wisdom High School,777,4381009.0,233838.0,202952.0,16500.0,9770.0,4844069.0,148410.97
145,Scroggins ES,269,NES,Elementary,Central   Wheatley High School,308,2726783.0,140035.0,335764.0,2000.0,0.0,3204582.0,116401.54
145,Seguin ES,373,NES,Elementary,South     Sterling High School,307,2990719.0,203665.0,126504.0,2000.0,0.0,3322888.0,121810.77
145,Shadowbriar ES,276,Non-NES,Elementary,West      Westside High School,418,2467193.0,125443.0,211217.0,7000.0,4180.0,2815033.0,128434.88
145,Shadydale ES,479,NES,Elementary,North     North Forest High School,561,4072533.0,266717.0,204824.0,2000.0,0.0,4546074.0,216469.75
145,Sharpstown HS,023,NES,High School,West      Sharpstown High School,1864,13057554.0,500221.0,728768.0,2000.0,0.0,14288543.0,630062.85
145,Sharpstown Intern'l,081,Non-NES,High School,West      Sharpstown High School,1281,7896253.0,600956.0,180679.0,67810.0,84660.0,8830358.0,438590.94
145,Shearn ES,239,Non-NES,Elementary,West      Bellaire High School,479,2642701.0,81223.0,37421.0,1500.0,4790.0,2767635.0,164273.1
145,Sherman ES,240,Non-NES,Elementary,Central   Northside High School,454,3367689.0,150866.0,48493.0,1200.0,0.0,3568248.0,171459.92
145,Sinclair ES,241,Non-NES,Elementary,North     Waltrip High School,724,4717007.0,154107.0,73507.0,0.0,7240.0,4951861.0,87113.35
145,"Smith, K. ES",242,NES,Elementary,North     Scarborough High School,739,5588185.0,267262.0,261770.0,2000.0,0.0,6119217.0,261492.19
145,South EC HS,486,Non-NES,High School South,Worthing High School,406,2434483.0,34884.0,119835.0,51485.0,4060.0,2644747.0,111961.13
145,Southmayd ES,244,NES,Elementary South,Milby High School,314,2751667.0,131049.0,126764.0,2000.0,0.0,3011480.0,123336.07
145,Sterling HS,014,NES,High School South,Sterling High School,1117,10623313.0,525571.0,504406.0,2000.0,0.0,11655290.0,436678.23
145,Stevens ES,245,NES,Elementary North,Waltrip High School,591,4180463.0,172810.0,479662.0,2000.0,0.0,4834935.0,178218.95
145,Stevenson MS,098,Non-NES,Middle School South,Chavez High School,1117,6544500.0,483166.0,77845.0,19642.0,10000.0,7135153.0,364075.25
145,Sugar Grove Academy,163,NES,Middle School West,Sharpstown High School,841,6804220.0,403802.0,300750.0,2000.0,0.0,7510772.0,285658.34
145,Sutton ES,248,Non-NES,Elementary West,Sharpstown High School,972,5436988.0,280521.0,73126.0,23000.0,26220.0,5839855.0,322860.78
145,T.H. Rogers School,039,Non-NES,K-8,West      Wisdom High School,1043,6933713.0,572010.0,128362.0,19750.0,10430.0,7664265.0,0.0
145,Tanglewood MS,068,Non-NES,Middle School West,Wisdom High School,859,5073722.0,279422.0,33071.0,7400.0,8590.0,5402205.0,177604.71
145,TCAH,100,Charter,Charter,West      Westside High School,7665,0.0,42166466.0,0.0,0.0,0.0,42166466.0,1286477.3
145,Thomas MS,077,NES,Middle School South,Sterling High School,459,4354822.0,287958.0,178650.0,2000.0,0.0,4823430.0,167396.59
145,Thompson ES,243,NES,Elementary South,Yates High School,344,3157723.0,288869.0,137464.0,2000.0,0.0,3586056.0,133444.75
145,Tijerina ES,279,Non-NES,Elementary Central,Austin High School,338,2423591.0,196873.0,287554.0,7000.0,18880.0,2933898.0,124768.93
145,Tinsley ES,374,NES,Elementary West,Westbury High School,598,3776184.0,240816.0,215184.0,2000.0,0.0,4234184.0,217559.36
145,Travis ES,249,Non-NES,Elementary Central,Heights High School,720,4394737.0,255686.0,52697.0,1500.0,7200.0,4711820.0,0.0
145,Twain ES,251,Non-NES,Elementary Central,Lamar High School,868,5238812.0,253501.0,78833.0,40000.0,97822.0,5708968.0,0.0
145,Valley West ES,285,NES,Elementary West,Sharpstown High School,560,4249845.0,248846.0,449128.0,2000.0,0.0,4949819.0,203842.23
145,Wainwright ES,252,NES,Elementary North,Scarborough High School,363,3174471.0,139463.0,321849.0,2000.0,0.0,3637783.0,128718.87
145,Walnut Bend ES,253,NES,Elementary West,Westside High School,569,4095648.0,219021.0,208664.0,2000.0,0.0,4525333.0,202724.91
145,Waltrip HS,015,Non-NES,High School North,Waltrip High School,1598,9695205.0,695999.0,250564.0,47257.0,15980.0,10705005.0,476184.93
145,Welch MS,056,NES,Middle School West,Westbury High School,533,5053445.0,416694.0,325138.0,2000.0,0.0,5797277.0,198754.93
145,Wesley ES,254,NES,Elementary North,Washington BT High Schoo,304,2573302.0,105243.0,290500.0,2000.0,0.0,2971045.0,107793.04
145,West Briar MS,099,Non-NES,Middle School West,Westside High School,1007,5947471.0,419125.0,214947.0,0.0,10070.0,6591613.0,212067.25
145,West University ES,255,Non-NES,Elementary Central,Lamar High School,1112,6389806.0,378516.0,92405.0,0.0,11120.0,6871847.0,0.0
145,Westbury HS,017,NES,High School West,Westbury High School,2152,15506387.0,1298011.0,1042184.0,2000.0,0.0,17848582.0,722750.96
145,Westside HS,036,Non-NES,High School West,Westside High School,2763,16581931.0,1211510.0,267244.0,12500.0,27630.0,18100815.0,666892.35
145,Wharton K-8 Dual Lan,256,Non-NES,K-8,Central   Lamar High School,658,4296404.0,157565.0,126946.0,9500.0,6580.0,4596995.0,107954.06
145,Wheatley HS,018,NES,High School Central,Wheatley High School,525,7245445.0,937178.0,225494.0,2000.0,0.0,8410117.0,217363.21
145,Whidby ES,257,NES,Elementary South,Yates High School,348,3267772.0,154590.0,406876.0,2000.0,0.0,3831238.0,125782.21
145,White ES,267,Non-NES,Elementary West,Sharpstown High School,718,4323810.0,203201.0,135248.0,10300.0,62180.0,4734739.0,250971.97
145,"White, M. ES",483,Non-NES,Elementary West,Wisdom High School,522,3393232.0,115286.0,71685.0,15000.0,0.0,3595203.0,139660.45
146,Whittier ES,258,NES,Elementary Central,Furr High School,293,2488304.0,114739.0,121024.0,2000.0,0.0,2726067.0,99448.93
146,Williams MS,082,NES,Middle School North,Washington BT High Schoo,377,3804777.0,352599.0,254656.0,2000.0,0.0,4414032.0,137903.54
146,Windsor Village ES,260,Non-NES,Elementary South,Madison High School,629,3942390.0,143732.0,92705.0,7503.0,6290.0,4192620.0,224934.74
146,"Wisdom, M.L. HS",009,NES,High School West,Wisdom High School,2470,16288067.0,872988.0,959688.0,2000.0,0.0,18122743.0,813235.27
146,Woodson ES,127,NES,Elementary South,Worthing High School,453,3546519.0,281698.0,170984.0,2000.0,0.0,4001201.0,176337.76
146,Worthing HS,019,NES,High School South,Worthing High School,832,8815161.0,257212.0,355296.0,2000.0,0.0,9429669.0,283571.91
146,Yates HS,020,NES,High School South,Yates High School,678,7782140.0,485140.0,285450.0,2000.0,0.0,8554730.0,253442.7
146,Young ES,247,NES,Elementary South,Worthing High School,405,3220116.0,158089.0,155744.0,2000.0,0.0,3535949.0,141456.51
146,YWCPA,463,Non-NES,High School Central,Lamar High School,433,2856004.0,299762.0,141502.0,12001.0,0.0,3309269.0,100575.22
