pdf_page,campus,org,type,proj_enrollment,gf_total,title_i_alloc,gf_total_verified_by_component_sum,raw_ocr_numbers
145,Alcott ES,102,NES,203,3232082.0,76766.92,True,"203 2,602,085.00 555,097.00 72,900.00 2,000.00 3,232,082.00 76,766.92"
145,Almeda ES,104,NES,642,5663746.0,260381.12,True,"642 5,183,961.00 258,785.00 219,000.00 2,000.00 5,663,746.00 260,381.12"
145,Anderson ES,105,NES,540,4795755.0,221205.58,True,"540 4,409,727.00 199,228.00 184,800.00 2,000.00 4,795,755.00 221,205.58"
145,Arabic Immersion,478,Non-NES,622,4026127.0,110779.52,True,"622 3,580,087.00 250,838.00 135,000.00 18,522.00 41,680.00 4,026,127.00 110,779.52"
145,Ashford ES,273,NES,562,4834855.0,194966.12,True,"562 4,428,956.00 213,699.00 190,200.00 2,000.00 4,834,855.00 194,966.12"
145,Askew ES,274,NES,831,6880073.0,283281.96,True,"831 6,278,001.00 271,497.00 328,575.00 2,000.00 6,880,073.00 283,281.96"
145,Atherton ES,106,NES,417,4375151.0,164515.71,True,"417 3,998,591.00 213,860.00 160,700.00 2,000.00 4,375,151.00 164,515.71"
145,Attucks MS,041,Non-NES,389,4392180.0,147480.87,True,"389 3,395,047.00 785,057.00 201,686.00 6,500.00 3,890.00 4,392,180.00 147,480.87"
145,Austin HS,001,NES,999,11224776.0,435090.66,True,"999 9,859,905.00 843,436.00 465,594.00 5,000.00 50,841.00 11,224,776.00 435,090.66"
145,Baker Montessori ES,259,Non-NES,633,4489470.0,0.0,True,"633 4,169,756.00 155,247.00 150,137.00 8,000.00 6,330.00 4,489,470.00"
145,Barrick ES,107,Non-NES,406,2711648.0,166689.04,True,"406 2,542,119.00 136,407.00 27,062.00 2,000.00 4,060.00 2,711,648.00 166,689.04"
145,Bastian ES,108,Non-NES,635,3913934.0,243524.82,True,"635 3,501,850.00 260,184.00 139,050.00 6,500.00 6,350.00 3,913,934.00 243,524.82"
145,BCM Acad MS,467,Non-NES,291,3216871.0,78718.09,True,"291 2,771,980.00 381,949.00 55,434.00 4,598.00 2,910.00 3,216,871.00 78,718.09"
145,BCM Biotech @ Rusk,234,Non-NES,320,2751947.0,90678.61,True,"320 2,425,100.00 272,022.00 50,425.00 1,200.00 3,200.00 2,751,947.00 90,678.61"
145,Bell ES,151,NES,504,5254127.0,178272.66,True,"504 4,828,872.00 227,805.00 195,450.00 2,000.00 5,254,127.00 178,272.66"
145,Bellaire HS,002,Non-NES,3152,20938475.0,658549.8,True,"3,152 19,355,400.00 1,154,065.00 245,150.00 142,060.00 41,800.00 20,938,475.00 658,549.80"
145,Bellfort ECC,360,Non-NES,334,2425816.0,119976.13,True,"334 2,224,034.00 129,100.00 65,866.00 6,816.00 2,425,816.00 119,976.13"
145,Benavidez ES,295,NES,730,6163163.0,302997.81,True,"730 5,669,580.00 243,783.00 247,800.00 2,000.00 6,163,163.00 302,997.81"
145,Benbrook ES,268,Non-NES,468,2972272.0,184444.12,True,"468 2,747,038.00 120,059.00 94,995.00 5,500.00 4,680.00 2,972,272.00 184,444.12"
145,Berry ES,109,NES,715,6451686.0,290005.26,True,"715 5,972,160.00 220,626.00 256,900.00 2,000.00 6,451,686.00 290,005.26"
145,Black MS,042,Non-NES,1351,8663171.0,272841.43,True,"1,351 8 7,810,529.00 479,833.00 333,299.00 26,000.00 13,510.00 8,663,171.00 272,841.43"
145,Blackshear ES,110,NES,247,3358900.0,97253.11,True,"247 3,048,762.00 213,778.00 94,360.00 2,000.00 3,358,900.00 97,253.11"
145,Bonham ES,111,NES,906,6887450.0,357613.78,True,"906 6,257,311.00 323,339.00 304,800.00 2,000.00 6,887,450.00 357,613.78"
145,Bonner ES,112,NES,517,5486949.0,210020.17,True,"517 5,026,138.00 279,111.00 179,700.00 2,000.00 5,486,949.00 210,020.17"
145,Booker Washington HS,016,NES,733,9147331.0,306384.38,True,"733 8,214,901.00 577,560.00 323,970.00 24,900.00 6,000.00 9,147,331.00 306,384.38"
145,Braeburn ES,114,Non-NES,818,5469899.0,327392.28,True,"818 5,174,222.00 176,221.00 103,076.00 8,200.00 8,180.00 5,469,899.00 327,392.28"
145,Briargrove ES,116,Non-NES,868,5603625.0,174048.0,True,"868 4,925,366.00 235,503.00 323,925.00 8,557.00 110,274.00 5,603,625.00 174,048.00"
145,Briarmeadow Charter,344,Non-NES,587,4537383.0,87218.32,True,"587 4,147,195.00 223,316.00 138,902.00 12,100.00 15,870.00 4,537,383.00 87,218.32"
145,Briscoe ES,117,Non-NES,196,2337656.0,63360.97,True,"196 8 2,087,238.00 124,793.00 118,665.00 5,000.00 1,960.00 2,337,656.00 63,360.97"
145,Brookline ES,119,NES,528,4866662.0,217403.95,True,"528 4,445,571.00 239,091.00 180,000.00 2,000.00 4,866,662.00 217,403.95"
145,Browning ES,120,NES,305,3071435.0,117589.7,True,"305 2,817,422.00 146,713.00 105,300.00 2,000.00 3,071,435.00 117,589.70"
145,Bruce ES,121,NES,254,3104681.0,106759.18,True,"254 2,760,831.00 241,450.00 100,400.00 2,000.00 3,104,681.00 106,759.18"
145,Burbank ES,122,Non-NES,711,5436106.0,279972.84,True,"711 5,000,176.00 177,759.00 237,061.00 14,000.00 7,110.00 5,436,106.00 279,972.84"
145,Burbank MS,043,Non-NES,1375,9321446.0,508451.79,True,"1,375 8 8,344,767.00 690,683.00 247,246.00 15,000.00 23,750.00 9,321,446.00 508,451.79"
145,Burnet ES,124,Non-NES,312,2660385.0,111420.44,True,"312 2,229,812.00 355,996.00 68,457.00 3,000.00 3,120.00 2,660,385.00 111,420.44"
145,Burrus ES,125,NES,185,2722983.0,73826.92,True,"185 2,512,806.00 133,427.00 74,750.00 2,000.00 2,722,983.00 73,826.92"
145,Bush ES,275,Non-NES,695,4534038.0,0.0,True,"695 4,048,268.00 222,675.00 254,145.00 2,000.00 6,950.00 4,534,038.00"
145,Cage ES,287,NES,301,3645548.0,108580.77,True,"301 3,301,342.00 236,906.00 105,300.00 2,000.00 3,645,548.00 108,580.77"
145,Carnegie Vanguard HS,322,Non-NES,856,5570510.0,0.0,True,"856 8 4,891,221.00 346,003.00 292,726.00 32,000.00 8,560.00 5,570,510.00"
145,Carrillo ES,292,Non-NES,353,3207299.0,107912.72,True,"353 2,828,658.00 161,609.00 213,502.00 3,530.00 3,207,299.00 107,912.72"
145,Challenge EC HS,323,Non-NES,483,3079762.0,148053.56,True,"483 2,807,443.00 104,166.00 155,153.00 13,000.00 3,079,762.00 148,053.56"
145,Chavez HS,027,Non-NES,1592,11951276.0,657395.13,True,"1,592 10,250,929.00 1,049,078.00 376,469.00 8 274,800.00 11,951,276.00 657,395.13"
145,Clifton MS,048,NES,333,4442577.0,139434.47,manual,"333 3,970,397.00 347,500.00 120,680.00 4,000.00 4,442 577.00 139,434.47"
145,Codwell ES,123,NES,366,3422620.0,125713.83,True,"366 3,138,504.00 139,816.00 142,300.00 2,000.00 3,422,620.00 125,713.83"
145,Community Services,013,Special Education,79,5455425.0,0.0,True,"79 4,658,411.00 657,670.00 56,519.00 46,246.00 36,579.00 5,455,425.00"
145,Condit ES,130,Non-NES,714,5098280.0,89645.68,True,"714 4,959,015.00 126,361.00 12,904.00 5,098,280.00 89,645.68"
145,Cook ES,358,NES,451,4421058.0,172144.01,True,"451 8 3,999,177.00 242,881.00 177,000.00 2,000.00 4,421,058.00 172,144.01"
145,Coop ES,132,NES,501,4846202.0,197743.07,True,"501 4,406,363.00 265,939.00 171,900.00 2,000.00 4,846,202.00 197,743.07"
145,Cornelius ES,133,Non-NES,725,4889409.0,279397.68,True,"725 4,533,942.00 207,788.00 124,223.00 3,956.00 19,500.00 4,889,409.00 279,397.68"
145,Crespo ES,290,Non-NES,508,4071229.0,190422.05,True,"508 3,630,873.00 229,972.00 168,547.00 36,757.00 5,080.00 4,071,229.00 190,422.05"
145,Crockett ES,135,NES,445,4105086.0,113713.39,True,"445 3,758,013.00 165,273.00 179,800.00 2,000.00 4,105,086.00 113,713.39"
146,Cullen MS,044,NES,295,4820805.0,120673.33,True,"295 4,315,516.00 392,289.00 108,000.00 5,000.00 4,820,805.00 120,673.33"
146,Cunningham ES,136,Non-NES,519,3846237.0,200304.77,True,"519 3,528,124.00 204,133.00 101,580.00 6,400.00 6,000.00 3,846,237.00 200,304.77"
146,DAEP EL,466,Non-NES,,378612.0,0.0,True,"334,527.00 1,303.00 35,039.00 8 7,743.00 378,612.00"
146,DAEP Secondary,402,Non-NES,38,3909491.0,0.0,True,"38 3,258,063.00 101,200.00 275,521.00 38,200.00 236,507.00 3,909,491.00"
146,Davila ES,297,Non-NES,423,3618057.0,153990.13,True,"423 3,301,877.00 171,024.00 114,426.00 16,500.00 14,230.00 3,618,057.00 153,990.13"
146,De Chaumes ES,137,Non-NES,649,4350637.0,253562.6,True,"649 3,978,314.00 217,417.00 143,916.00 4,500.00 6,490.00 4,350,637.00 253,562.60"
146,Deady MS,045,NES,377,4988236.0,157512.11,True,"377 4,383,062.00 465,614.00 135,560.00 4,000.00 4,988,236.00 157,512.11"
146,DeAnda ES,383,Non-NES,687,4696394.0,236834.5,True,"687 4,376,465.00 211,943.00 95,616.00 8 2,000.00 10,370.00 4,696,394.00 236,834.50"
146,DeBakey HS,026,Non-NES,942,7648710.0,126699.83,True,"942 6,162,215.00 1,143,558.00 310,517.00 23,000.00 9,420.00 7,648,710.00 126,699.83"
146,DeZavala ES,138,NES,240,2879400.0,90658.52,True,"240 2,594,957.00 163,048.00 119,395.00 2,000.00 2,879,400.00 90,658.52"
146,Dogan ES,140,NES,426,3888668.0,171602.58,True,"426 3,552,153.00 188,715.00 145,800.00 2,000.00 3,888,668.00 171,602.58"
146,Durham ES,115,Non-NES,518,3366306.0,113022.89,True,"518 3,172,413.00 134,005.00 54,708.00 5,180.00 3,366,306.00 113,022.89"
146,Durkee ES,144,NES,414,3840138.0,153203.74,True,"414 3,465,815.00 231,923.00 140,400.00 2,000.00 3,840,138.00 153,203.74"
146,East EC HS,345,Non-NES,448,3047701.0,133271.06,True,"448 2,579,752.00 131,625.00 323,844.00 8,000.00 4,480.00 3,047,701.00 133,271.06"
146,Eastwood Acad HS,301,Non-NES,336,2684863.0,95812.07,True,"336 2,496,502.00 125,446.00 54,185.00 5,000.00 3,730.00 2,684,863.00 95,812.07"
146,Edison MS,046,NES,344,4845354.0,150574.72,True,"344 4,336,235.00 382,039.00 123,080.00 4,000.00 4,845,354.00 150,574.72"
146,Eliot ES,147,NES,446,4446681.0,170887.17,True,"446 3,959,306.00 332,375.00 153,000.00 2,000.00 4,446,681.00 170,887.17"
146,Elmore ES,475,NES,377,4227248.0,168722.33,True,"377 3,812,636.00 281,512.00 131,100.00 2,000.00 4,227,248.00 168,722.33"
146,Elrod ES,148,Non-NES,745,5342314.0,281843.79,True,"745 4,637,033.00 191,753.00 157,328.00 186,450.00 169,750.00 5,342,314.00 281,843.79"
146,Emerson ES,149,Non-NES,978,6013865.0,373273.78,True,"978 5,437,663.00 238,294.00 304,128.00 8 24,000.00 8 9,780.00 6,013,865.00 373,273.78"
146,Energized ECC,350,Charter,236,1294121.0,73342.26,True,"236 1,294,121.00 1,294,121.00 73,342.26"
146,Energized ES,364,Charter,739,5240407.0,325677.85,True,"739 5,240,407.00 5,240,407.00 325,677.85"
146,Energized MS,342,Charter,473,3194045.0,193033.04,True,"473 3,194,045.00 3,194,045.00 193,033.04"
146,Energy Inst HS,468,Non-NES,673,4445964.0,107051.66,True,"673 3,972,529.00 186,088.00 278,797.00 1,600.00 6,950.00 4,445,964.00 107,051.66"
146,E-STEM Central HS,321,Charter,473,3547850.0,193603.9,True,"473 3,547,850.00 3,547,850.00 193,603.90"
146,E-STEM West MS,390,Charter,317,2136098.0,122529.8,True,"317 2,136,098.00 2,136,098.00 122,529.80"
146,Farias ECC,352,Non-NES,389,2917317.0,150963.8,True,"389 2,740,435.00 127,011.00 43,481.00 2,500.00 3,890.00 2,917,317.00 150,963.80"
146,Field ES,152,Non-NES,547,3753681.0,72542.27,True,"547 3,460,783.00 198,736.00 83,492.00 5,200.00 5,470.00 3,753,681.00 72,542.27"
146,Fleming MS,078,NES,306,4102394.0,121383.01,True,"306 3,642,298.00 340,776.00 114,320.00 5,000.00 4,102,394.00 121,383.01"
146,Fondren ES,153,Non-NES,349,2892440.0,122577.35,True,"349 2,673,118.00 130,874.00 77,958.00 7,000.00 3,490.00 2,892,440.00 122,577.35"
146,Fondren MS,072,NES,629,6382388.0,274274.13,True,"629 5,684,607.00 469,001.00 226,780.00 2,000.00 6,382,388.00 274,274.13"
146,Fonville MS,047,NES,534,5853505.0,214424.95,True,"534 5,139,065.00 502,800.00 207,640.00 4,000.00 5,853,505.00 214,424.95"
146,Fonwood ECC,470,Non-NES,417,3362750.0,157653.87,True,"417 3,170,619.00 159,292.00 25,169.00 3,500.00 4,170.00 3,362,750.00 157,653.87"
146,Forest Brook MS,476,NES,513,5805634.0,209278.76,True,"513 5,044,944.00 575,430.00 181,260.00 4,000.00 5,805,634.00 209,278.76"
146,Foster ES,154,Non-NES,307,2446078.0,130015.78,True,"307 2,233,705.00 202,353.00 10,020.00 2,446,078.00 130,015.78"
146,Fraga Middle Colg HS,485,Non-NES,125,1008679.0,44183.44,True,"125 961,331.00 10,050.00 30,048.00 500.00 6,750.00 1,008,679.00 44,183.44"
146,Franklin ES,155,NES,199,2595243.0,82996.97,True,"199 2,376,154.00 146,589.00 70,500.00 2,000.00 2,595,243.00 82,996.97"
146,Frost ES,156,NES,363,3904047.0,152758.42,True,"363 3,533,031.00 242,116.00 126,900.00 2,000.00 3,904,047.00 152,758.42"
146,Furr HS,004,NES,847,9662261.0,332588.28,True,"847 8,632,560.00 547,721.00 456,980.00 19,000.00 6,000.00 9,662,261.00 332,588.28"
146,Gallegos ES,291,NES,349,3727048.0,136167.78,True,"349 3,418,854.00 185,294.00 120,900.00 2,000.00 3,727,048.00 136,167.78"
146,Garcia ES,283,Non-NES,279,2104283.0,112887.95,True,"279 1,943,935.00 118,703.00 36,855.00 2,000.00 2,790.00 2,104,283.00 112,887.95"
146,Garden Oaks ES,157,Non-NES,746,5982409.0,112363.78,True,"746 5,707,537.00 134,593.00 89,519.00 10,300.00 40,460.00 5,982,409.00 112,363.78"
146,Garden Villas ES,158,Non-NES,358,3006126.0,125671.98,True,"358 2,621,772.00 284,609.00 86,648.00 9,517.00 3,580.00 3,006,126.00 125,671.98"
146,Golfcrest ES,159,NES,338,3610784.0,139228.68,True,"338 3,321,775.00 169,409.00 117,600.00 2,000.00 3,610,784.00 139,228.68"
146,Gregg ES,162,NES,287,3035388.0,108315.13,True,"287 2,762,215.00 171,873.00 99,300.00 2,000.00 3,035,388.00 108,315.13"
146,Gregory-Lincoln PK-8,058,NES,481,5698990.0,172444.59,True,"481 5,134,458.00 366,122.00 194,410.00 4,000.00 5,698,990.00 172,444.59"
146,Grissom ES,262,NES,402,4136006.0,154858.6,True,"402 3,840,220.00 153,386.00 140,400.00 2,000.00 4,136,006.00 154,858.60"
146,Gross ES,369,NES,337,3368671.0,150879.22,True,"337 3,049,669.00 200,302.00 116,700.00 2,000.00 3,368,671.00 150,879.22"
146,Gulfton Middle Colg,484,Non-NES,58,1175120.0,24810.59,True,"58 1,099,790.00 17,729.00 40,751.00 850.00 16,000.00 1,175,120.00 24,810.59"
146,HAIS HS,348,Non-NES,462,3080264.0,100101.25,True,"462 2,768,671.00 130,414.00 67,311.00 8 45,050.00 68,818.00 3,080,264.00 100,101.25"
147,Halpin ECC,131,Non-NES,334,2664845.0,117094.92,True,"334 2,422,637.00 195,494.00 33,374.00 4,000.00 9,340.00 2,664,845.00 117,094.92"
147,Hamilton MS,049,Non-NES,922,7189098.0,271565.28,True,"922 6,158,057.00 444,230.00 327,697.00 249,514.00 9,600.00 7,189,098.00 271,565.28"
147,Harper DAEP,351,Non-NES,76,4168094.0,0.0,True,"76 3,720,057.00 240,108.00 139,738.00 33,413.00 34,778.00 4,168,094.00"
147,Harris Co-JJAEP,320,DAEP,22,792000.0,0.0,True,"22 792,000.00 792,000.00"
147,"Harris, J.R. ES",166,NES,278,3038110.0,107007.97,True,"278 2,779,331.00 160,179.00 96,600.00 2,000.00 3,038,110.00 107,007.97"
147,"Harris, R.P. ES",167,NES,358,3562468.0,144511.93,True,"358 3,295,184.00 141,684.00 123,600.00 2,000.00 3,562,468.00 144,511.93"
147,Hartman MS,051,NES,552,6098139.0,235793.01,True,"552 5,347,479.00 551,100.00 195,060.00 4,500.00 6,098,139.00 235,793.01"
147,Hartsfield ES,168,NES,275,3145745.0,108929.49,True,"275 2,906,520.00 136,225.00 101,000.00 2,000.00 3,145,745.00 108,929.49"
147,Harvard ES,169,Non-NES,635,4148341.0,0.0,True,"635 3,850,921.00 166,939.00 103,714.00 9,600.00 17,167.00 4,148,341.00"
147,HCC Lifeskills,097,Special Education,69,2089383.0,0.0,True,"69 2,084,898.00 4,485.00 2,089,383.00"
147,Heights HS,012,Non-NES,2338,16214902.0,526325.18,True,"2,338 14,197,989.00 1,106,227.00 767,106.00 82,000.00 61,580.00 16,214,902.00 526,325.18"
147,Helms ES,170,Non-NES,505,3553866.0,85627.77,True,"505 3,292,220.00 143,892.00 112,704.00 5,050.00 3,553,866.00 85,627.77"
147,Henderson JP ES,171,Non-NES,411,2777338.0,164089.26,True,"411 2,588,259.00 157,095.00 24,374.00 3,500.00 4,110.00 2,777,338.00 164,089.26"
147,Henderson NQ ES,172,NES,257,2904230.0,97239.35,True,"257 2,706,222.00 106,908.00 89,100.00 2,000.00 2,904,230.00 97,239.35"
147,Henry MS,052,NES,485,5733046.0,196609.52,True,"485 5,102,826.00 433,320.00 192,400.00 4,500.00 5,733,046.00 196,609.52"
147,Herod ES,173,Non-NES,640,4626231.0,143234.41,True,"640 4,259,904.00 219,242.00 116,335.00 14,000.00 16,750.00 4,626,231.00 143,234.41"
147,Herrera ES,286,Non-NES,687,4849669.0,248487.62,True,"687 4,521,045.00 163,392.00 95,762.00 62,600.00 6,870.00 4,849,669.00 248,487.62"
147,Highland Heights ES,174,NES,431,4111949.0,165620.73,True,"431 3,728,969.00 233,080.00 147,900.00 2,000.00 4,111,949.00 165,620.73"
147,Hilliard ES,473,NES,551,4454459.0,208890.48,True,"551 3,979,071.00 288,288.00 185,100.00 2,000.00 4,454,459.00 208,890.48"
147,Hines-Caldwell ES,395,Non-NES,599,3814175.0,230187.41,True,"599 3,491,126.00 264,939.00 45,910.00 6,210.00 5,990.00 3,814,175.00 230,187.41"
147,Hobby ES,176,NES,417,4080935.0,167956.04,True,"417 3,768,370.00 166,265.00 144,300.00 2,000.00 4,080,935.00 167,956.04"
147,Hogg MS,053,Non-NES,1120,8118068.0,205519.35,True,"1,120 7,127,347.00 753,413.00 214,908.00 11,000.00 11,400.00 8,118,068.00 205,519.35"
147,Holland MS,050,NES,410,4688540.0,180170.11,True,"410 4,182,066.00 356,774.00 144,700.00 5,000.00 4,688,540.00 180,170.11"
147,Horn ES,178,Non-NES,715,4965371.0,0.0,True,"715 4,584,090.00 250,153.00 83,104.00 7,200.00 40,824.00 4,965,371.00"
147,Houston MSTC HS,310,NES,2153,19148311.0,880625.81,True,"2,153 17,532,730.00 813,308.00 793,273.00 4,255.00 4,745.00 19,148,311.00 880,625.81"
147,HS Ahead Academy MS,456,Non-NES,131,1521945.0,56920.38,True,"131 1,301,685.00 41,024.00 164,923.00 13,003.00 1,310.00 1,521,945.00 56,920.38"
147,HSPVA,025,Non-NES,792,6355653.0,0.0,True,"792 5,475,126.00 783,277.00 75,830.00 13,500.00 7,920.00 6,355,653.00"
147,Isaacs ES,180,NES,226,2702116.0,92416.21,True,"226 2,514,865.00 106,051.00 79,200.00 2,000.00 2,702,116.00 92,416.21"
147,Janowski ES,181,Non-NES,393,3163606.0,144037.49,True,"393 2,861,909.00 143,331.00 154,436.00 3,930.00 3,163,606.00 144,037.49"
147,Jefferson ES,182,NES,325,3591855.0,119205.94,True,"325 3,296,344.00 180,411.00 113,100.00 2,000.00 3,591,855.00 119,205.94"
147,Jones Futures Acad,006,Non-NES,275,3285859.0,108133.17,True,"275 2,854,718.00 343,344.00 79,047.00 6,000.00 2,750.00 3,285,859.00 108,133.17"
147,Kashmere Gardens ES,185,NES,309,3380435.0,125739.68,True,"309 3,121,252.00 133,183.00 124,000.00 2,000.00 3,380,435.00 125,739.68"
147,Kashmere HS,007,NES,620,9006812.0,246069.7,True,"620 8,121,841.00 608,071.00 257,900.00 13,000.00 6,000.00 9,006,812.00 246,069.70"
147,Kelso ES,187,NES,358,3337040.0,139834.07,True,"358 3,068,495.00 144,145.00 122,400.00 2,000.00 3,337,040.00 139,834.07"
147,Kennedy ES,188,NES,416,4033482.0,161338.15,True,"416 3,712,543.00 175,539.00 143,400.00 2,000.00 4,033,482.00 161,338.15"
147,Ketelsen ES,389,NES,353,3969080.0,142663.44,True,"353 3,566,294.00 277,486.00 123,300.00 2,000.00 3,969,080.00 142,663.44"
147,Key MS,079,NES,466,5824466.0,191579.05,True,"466 5,222,594.00 430,452.00 166,420.00 5,000.00 5,824,466.00 191,579.05"
147,Kolter ES,189,Non-NES,774,4969436.0,0.0,True,"774 4,181,946.00 170,038.00 492,712.00 7,000.00 117,740.00 4,969,436.00"
147,Lamar HS,008,Non-NES,2797,18690238.0,488166.81,True,"2,797 16,549,494.00 1,171,207.00 749,620.00 190,717.00 29,200.00 18,690,238.00 488,166.81"
147,"Lanier, B. MS",057,Non-NES,1481,9250745.0,0.0,True,"1,481 8,172,777.00 610,625.00 313,783.00 43,750.00 109,810.00 9,250,745.00"
147,Lantrip ES,192,Non-NES,355,2195751.0,115016.16,True,"355 1,928,990.00 229,005.00 30,201.00 4,005.00 3,550.00 2,195,751.00 115,016.16"
147,Las Americas MS,340,NES,98,1952962.0,42277.55,True,"98 1,867,834.00 48,768.00 34,360.00 2,000.00 1,952,962.00 42,277.55"
147,Laurenzo ECC,357,Non-NES,306,2823244.0,83305.95,True,"306 2,184,005.00 123,696.00 510,983.00 1,500.00 3,060.00 2,823,244.00 83,305.95"
147,Law and Justice HS,034,Non-NES,370,3269363.0,120476.89,True,"370 2,906,261.00 182,002.00 176,150.00 1,000.00 3,950.00 3,269,363.00 120,476.89"
147,Law ES,263,Non-NES,393,2721859.0,157873.57,True,"393 2,473,350.00 158,637.00 84,442.00 1,500.00 3,930.00 2,721,859.00 157,873.57"
147,"Lawson, A.H. MS",075,NES,981,9812184.0,380148.64,True,"981 8,774,723.00 693,141.00 340,620.00 3,700.00 9,812,184.00 380,148.64"
147,Lewis ES,194,NES,598,4782536.0,261358.44,True,"598 4,300,239.00 277,497.00 202,800.00 2,000.00 4,782,536.00 261,358.44"
147,Liberty HS,324,Non-NES,352,2521337.0,137022.62,True,"352 1,880,585.00 476,355.00 153,877.00 7,000.00 3,520.00 2,521,337.00 137,022.62"
147,Lockhart ES,195,NES,275,3409531.0,110334.82,True,"275 3,145,247.00 158,924.00 103,360.00 2,000.00 3,409,531.00 110,334.82"
147,Long Academy,059,NES,650,7497233.0,260981.75,True,"650 6,630,549.00 632,984.00 228,700.00 5,000.00 7,497,233.00 260,981.75"
147,Longfellow ES,196,NES,524,5215152.0,186382.53,True,"524 4,782,351.00 222,001.00 208,800.00 2,000.00 5,215,152.00 186,382.53"
148,Looscan ES,197,NES,226,2665645.0,88675.18,True,"226 2,437,673.00 147,372.00 78,600.00 2,000.00 2,665,645.00 88,675.18"
148,Love ES,198,Non-NES,345,2819192.0,79180.08,True,"345 2,615,783.00 116,318.00 82,291.00 1,350.00 3,450.00 2,819,192.00 79,180.08"
148,Lovett ES,199,Non-NES,701,5126152.0,97040.45,True,"701 4,617,261.00 178,611.00 264,470.00 7,600.00 58,210.00 5,126,152.00 97,040.45"
148,Lyons ES,128,Non-NES,724,4441705.0,292980.99,True,"724 4,185,667.00 167,512.00 73,286.00 8,000.00 7,240.00 4,441,705.00 292,980.99"
148,M. Leland Coll. Prep,458,Non-NES,249,2479931.0,71223.86,True,"249 2,139,779.00 249,325.00 85,337.00 3,000.00 2,490.00 2,479,931.00 71,223.86"
148,MacGregor ES,201,Non-NES,385,2900442.0,116350.89,True,"385 2,681,747.00 175,303.00 39,542.00 3,850.00 2,900,442.00 116,350.89"
148,Mading ES,203,Non-NES,285,2243023.0,110897.89,True,"285 1,974,475.00 197,897.00 60,317.00 7,484.00 2,850.00 2,243,023.00 110,897.89"
148,Madison HS,010,NES,1384,14739057.0,544624.92,True,"1,384 13,264,456.00 879,941.00 564,660.00 24,000.00 6,000.00 14,739,057.00 544,624.92"
148,Mandarin Chinese Sch,460,Non-NES,829,5763969.0,0.0,True,"829 5,333,040.00 233,017.00 179,122.00 10,500.00 8,290.00 5,763,969.00"
148,Marshall ES,480,NES,369,3942761.0,171687.32,True,"369 3,513,956.00 298,105.00 128,700.00 2,000.00 3,942,761.00 171,687.32"
148,Marshall MS,061,NES,374,5116217.0,165470.69,True,"374 4,488,792.00 486,545.00 136,880.00 4,000.00 5,116,217.00 165,470.69"
148,"Martinez, C. ES",289,Non-NES,290,2330961.0,102702.35,True,"290 2,106,649.00 128,958.00 75,404.00 3,500.00 16,450.00 2,330,961.00 102,702.35"
148,"Martinez, R. ES",298,NES,357,3571908.0,142345.57,True,"357 3,264,829.00 181,179.00 123,900.00 2,000.00 3,571,908.00 142,345.57"
148,McGowen ES,179,NES,385,3769481.0,144678.07,True,"385 3,456,885.00 178,296.00 132,300.00 2,000.00 3,769,481.00 144,678.07"
148,McNamara ES,227,Non-NES,878,5521268.0,348664.83,True,"878 5,248,806.00 163,019.00 87,543.00 9,900.00 12,000.00 5,521,268.00 348,664.83"
148,McReynolds MS,062,NES,274,4296772.0,112815.06,True,"274 3,737,597.00 432,595.00 121,580.00 5,000.00 4,296,772.00 112,815.06"
148,Memorial ES,204,Non-NES,469,3436738.0,56588.07,True,"469 3,145,091.00 164,926.00 114,031.00 8,000.00 4,690.00 3,436,738.00 56,588.07"
148,Meyerland PVA MS,055,Non-NES,1154,8573605.0,212452.95,True,"1,154 7,600,499.00 722,204.00 236,812.00 2,550.00 11,540.00 8,573,605.00 212,452.95"
148,Milby HS,011,Non-NES,2113,15445069.0,767916.98,True,"2,113 13,426,431.00 954,136.00 714,243.00 329,129.00 21,130.00 15,445,069.00 767,916.98"
148,Milne ES,299,NES,457,4635728.0,183661.38,True,"457 4,312,801.00 162,827.00 158,100.00 2,000.00 4,635,728.00 183,661.38"
148,Mitchell ES,264,NES,507,4822173.0,193855.86,True,"507 4,492,097.00 153,776.00 174,300.00 2,000.00 4,822,173.00 193,855.86"
148,MLK ECC,355,Non-NES,299,2357529.0,115455.6,True,"299 2,176,739.00 122,192.00 45,608.00 10,000.00 2,990.00 2,357,529.00 115,455.60"
148,Montgomery ES,207,NES,337,3653244.0,132353.11,True,"337 3,370,604.00 163,340.00 117,300.00 2,000.00 3,653,244.00 132,353.11"
148,Moreno ES,359,Non-NES,670,4330804.0,260646.04,True,"670 3,914,241.00 267,970.00 134,893.00 7,000.00 6,700.00 4,330,804.00 260,646.04"
148,"Navarro, Y.B. MS",054,NES,322,4648945.0,151522.23,True,"322 3,991,072.00 539,733.00 115,140.00 3,000.00 4,648,945.00 151,522.23"
148,Neff ECC,209,Non-NES,552,3881501.0,210831.85,True,"552 3,533,557.00 212,642.00 95,007.00 21,775.00 18,520.00 3,881,501.00 210,831.85"
148,Neff ES,394,NES,698,5820205.0,262992.53,True,"698 5,407,725.00 174,680.00 235,800.00 2,000.00 5,820,205.00 262,992.53"
148,North Forest HS,477,NES,828,9796555.0,336889.79,True,"828 8,612,969.00 823,266.00 340,320.00 14,000.00 6,000.00 9,796,555.00 336,889.79"
148,North Houston EC HS,308,Non-NES,488,3457435.0,163341.55,True,"488 3,224,824.00 124,232.00 83,999.00 19,500.00 4,880.00 3,457,435.00 163,341.55"
148,Northline ES,210,NES,346,3652956.0,136021.23,True,"346 3,354,846.00 176,110.00 120,000.00 2,000.00 3,652,956.00 136,021.23"
148,Northside HS,003,NES,980,11163547.0,389607.31,True,"980 10,103,119.00 635,828.00 400,400.00 18,200.00 6,000.00 11,163,547.00 389,607.31"
148,Oak Forest ES,211,Non-NES,956,6417069.0,0.0,True,"956 6,075,966.00 256,345.00 75,198.00 9,560.00 6,417,069.00"
148,Oates ES,212,NES,215,3029378.0,83309.0,True,"215 2,799,413.00 151,465.00 76,500.00 2,000.00 3,029,378.00 83,309.00"
148,Ortiz MS,338,NES,689,6325868.0,282911.78,True,"689 5,511,661.00 559,727.00 250,480.00 4,000.00 6,325,868.00 282,911.78"
148,Osborne ES,213,NES,249,3304760.0,100529.76,True,"249 3,063,914.00 150,946.00 87,900.00 2,000.00 3,304,760.00 100,529.76"
148,Park Place ES,214,Non-NES,658,4627684.0,242140.64,True,"658 4,298,634.00 247,942.00 72,923.00 1,605.00 6,580.00 4,627,684.00 242,140.64"
148,Parker ES,215,Non-NES,919,6913903.0,131261.07,True,"919 6,270,517.00 251,631.00 371,865.00 10,700.00 9,190.00 6,913,903.00 131,261.07"
148,Patterson ES,216,Non-NES,805,5243067.0,293039.62,True,"805 4,790,560.00 205,268.00 199,189.00 40,000.00 8,050.00 5,243,067.00 293,039.62"
148,Peck ES,217,NES,278,3500128.0,108393.61,True,"278 3,136,415.00 263,913.00 97,800.00 2,000.00 3,500,128.00 108,393.61"
148,Pershing MS,064,Non-NES,1015,8350032.0,239256.75,True,"1,015 7,145,990.00 918,458.00 216,384.00 43,500.00 25,700.00 8,350,032.00 239,256.75"
148,Petersen ES,265,NES,338,3561417.0,132472.41,True,"338 3,279,463.00 162,354.00 117,600.00 2,000.00 3,561,417.00 132,472.41"
148,Pilgrim Academy,218,Non-NES,1234,8543841.0,466929.95,True,"1,234 7,487,790.00 379,188.00 479,743.00 145,000.00 52,120.00 8,543,841.00 466,929.95"
148,Pin Oak MS,337,Non-NES,1276,8910786.0,185518.47,True,"1,276 7,844,532.00 692,354.00 320,639.00 46,500.00 6,761.00 8,910,786.00 185,518.47"
148,Piney Point ES,219,Non-NES,1279,8418414.0,487702.18,True,"1,279 7,554,958.00 410,777.00 410,889.00 14,000.00 27,790.00 8,418,414.00 487,702.18"
148,Pleasantville ES,220,Non-NES,214,1986484.0,84785.92,True,"214 1,820,590.00 95,599.00 66,401.00 1,754.00 2,140.00 1,986,484.00 84,785.92"
148,Poe ES,221,Non-NES,731,4227579.0,88738.09,True,"731 3,973,340.00 178,851.00 51,578.00 16,500.00 7,310.00 4,227,579.00 88,738.09"
148,Port Houston ES,222,NES,262,2916816.0,98795.18,True,"262 2,706,467.00 116,549.00 91,800.00 2,000.00 2,916,816.00 98,795.18"
148,Project Chrysalis MS,071,NES,221,2783443.0,76971.34,True,"221 2,656,223.00 49,400.00 75,820.00 2,000.00 2,783,443.00 76,971.34"
148,Pugh ES,223,NES,248,3188647.0,96400.64,True,"248 2,987,028.00 107,359.00 92,260.00 2,000.00 3,188,647.00 96,400.64"
148,RDSPD,380,Special Education,46,,,False,46
149,Ray Daily ES,396,Non-NES,857,5204293.0,207983.89,True,"857 4,691,317.00 243,472.00 70,934.00 190,000.00 8,570.00 5,204,293.00 207,983.89"
149,Reagan Ed Ctr K-8,382,NES,609,6543290.0,243784.42,True,"609 5,818,465.00 523,452.00 196,873.00 4,500.00 6,543,290.00 243,784.42"
149,Red ES,224,Non-NES,482,3647082.0,129897.07,True,"482 3,139,725.00 148,155.00 284,382.00 5,750.00 69,070.00 3,647,082.00 129,897.07"
149,Revere MS,060,NES,1076,9350066.0,381621.76,True,"1,076 8,322,628.00 653,658.00 370,780.00 3,000.00 9,350,066.00 381,621.76"
149,Reynolds ES,225,NES,294,3350853.0,107478.05,True,"294 2,985,861.00 261,592.00 101,400.00 2,000.00 3,350,853.00 107,478.05"
149,Rice School PK-8,080,Non-NES,999,7278006.0,231916.08,True,"999 6,837,748.00 328,413.00 91,415.00 10,000.00 10,430.00 7,278,006.00 231,916.08"
149,River Oaks ES,228,Non-NES,798,5032775.0,0.0,True,"798 4,465,880.00 279,741.00 242,174.00 17,000.00 27,980.00 5,032,775.00"
149,Roberts ES,229,Non-NES,715,4561170.0,0.0,True,"715 4,168,035.00 211,844.00 160,641.00 11,000.00 9,650.00 4,561,170.00"
149,Robinson ES,186,NES,349,3568056.0,156096.79,True,"349 3,209,965.00 235,191.00 120,900.00 2,000.00 3,568,056.00 156,096.79"
149,Roderick R Paige ES,113,NES,358,3803025.0,147867.96,True,"358 3,388,477.00 287,748.00 124,800.00 2,000.00 3,803,025.00 147,867.96"
149,Rodriguez ES,372,Non-NES,865,5488009.0,346475.08,True,"865 5,000,259.00 331,971.00 134,629.00 12,500.00 8,650.00 5,488,009.00 346,475.08"
149,Roosevelt ES,231,Non-NES,379,2770934.0,120360.67,True,"379 2,565,268.00 155,145.00 37,951.00 2,380.00 10,190.00 2,770,934.00 120,360.67"
149,Ross ES,232,NES,262,3210357.0,97350.21,True,"262 2,978,679.00 133,058.00 96,620.00 2,000.00 3,210,357.00 97,350.21"
149,Rucker ES,233,NES,421,4099911.0,156915.81,True,"421 3,750,420.00 201,391.00 146,100.00 2,000.00 4,099,911.00 156,915.81"
149,Sanchez ES,281,NES,327,3615516.0,139266.92,True,"327 3,323,876.00 175,940.00 113,700.00 2,000.00 3,615,516.00 139,266.92"
149,Scarborough ES,237,Non-NES,828,5895318.0,287165.34,True,"828 4,801,918.00 202,008.00 646,112.00 237,000.00 8,280.00 5,895,318.00 287,165.34"
149,Scarborough HS,024,NES,647,8839806.0,258304.95,True,"647 8,049,438.00 498,113.00 269,255.00 15,500.00 7,500.00 8,839,806.00 258,304.95"
149,Schl @ St. George ES,353,Non-NES,776,4999118.0,151545.77,True,"776 4,422,638.00 278,931.00 181,689.00 108,100.00 7,760.00 4,999,118.00 151,545.77"
149,Scroggins ES,269,NES,274,3259303.0,110322.39,True,"274 3,007,092.00 141,911.00 108,300.00 2,000.00 3,259,303.00 110,322.39"
149,Seguin ES,373,NES,395,4054757.0,148642.14,True,"395 3,706,592.00 209,665.00 136,500.00 2,000.00 4,054,757.00 148,642.14"
149,Shadowbriar ES,276,Non-NES,308,2865243.0,109024.16,True,"308 2,524,364.00 156,186.00 178,443.00 3,000.00 3,250.00 2,865,243.00 109,024.16"
149,Shadydale ES,479,NES,550,4599729.0,214927.08,True,"550 4,154,880.00 256,249.00 186,600.00 2,000.00 4,599,729.00 214,927.08"
149,Sharpstown HS,023,NES,1646,14818847.0,625368.74,True,"1,646 13,531,922.00 609,235.00 651,390.00 20,300.00 6,000.00 14,818,847.00 625,368.74"
149,Sharpstown Intern'l,081,Non-NES,1343,8996354.0,481536.57,True,"1,343 7,670,855.00 541,737.00 497,557.00 66,600.00 219,605.00 8,996,354.00 481,536.57"
149,Shearn ES,239,Non-NES,451,2935493.0,172760.11,True,"451 2,774,580.00 92,776.00 67,187.00 950.00 2,935,493.00 172,760.11"
149,Sherman ES,240,Non-NES,419,3196256.0,175865.04,True,"419 2,936,507.00 196,611.00 53,448.00 5,500.00 4,190.00 3,196,256.00 175,865.04"
149,Sinclair ES,241,Non-NES,715,4977981.0,0.0,True,"715 4,680,993.00 185,079.00 92,759.00 7,000.00 12,150.00 4,977,981.00"
149,"Smith, K. ES",242,NES,724,6179308.0,273473.7,manual,"724 5 646,973.00 284,335.00 246,000.00 2,000.00 6,179,308.00 273,473.70"
149,SOAR Center,069,Special Education,40,,,False,40
149,South EC HS,486,Non-NES,478,3016261.0,137047.03,True,"478 2,763,954.00 89,042.00 99,169.00 20,591.00 43,505.00 3,016,261.00 137,047.03"
149,Southmayd ES,244,NES,315,3798848.0,119389.15,True,"315 3,530,354.00 156,394.00 110,100.00 2,000.00 3,798,848.00 119,389.15"
149,Sterling HS,014,NES,1012,11895230.0,412823.68,True,"1,012 10,845,035.00 551,415.00 473,435.00 21,000.00 4,345.00 11,895,230.00 412,823.68"
149,Stevens ES,246,NES,552,5318203.0,192518.77,True,"552 4,880,039.00 195,929.00 240,235.00 2,000.00 5,318,203.00 192,518.77"
149,Stevenson MS,098,Non-NES,,6679576.0,378833.16,True,"1.079 5,916,714.00 527,654.00 213,618.00 10,800.00 10,790.00 6,679,576.00 378,833.16"
149,Sugar Grove Academy,163,NES,716,6867031.0,298725.07,True,"716 6,150,854.00 462,857.00 248,820.00 4,500.00 6,867,031.00 298,725.07"
149,Sutton ES,248,Non-NES,802,5042940.0,310332.25,True,"802 4,621,643.00 306,424.00 96,023.00 7,650.00 11,200.00 5,042,940.00 310,332.25"
149,T.H. Rogers School,039,Non-NES,1065,7783757.0,0.0,True,"1,065 6,838,342.00 637,530.00 174,235.00 113,000.00 20,650.00 7,783,757.00"
149,Tanglewood MS,068,Non-NES,832,5218346.0,196559.94,True,"832 4,681,342.00 305,543.00 215,141.00 8,000.00 8,320.00 5,218,346.00 196,559.94"
149,TCAH,100,Charter,8631,51828062.0,1440186.98,True,"8,631 51,828,062.00 51,828,062.00 1,440,186.98"
149,Thomas MS,077,NES,316,4734776.0,148481.66,True,"316 4,269,141.00 345,715.00 116,420.00 3,500.00 4,734,776.00 148,481.66"
149,Thompson ES,243,NES,361,3488381.0,134349.31,True,"361 3,069,891.00 293,190.00 123,300.00 2,000.00 3,488,381.00 134,349.31"
149,Tijerina ES,279,Non-NES,318,2783941.0,128222.34,True,"318 2,442,965.00 202,549.00 110,247.00 5,000.00 23,180.00 2,783,941.00 128,222.34"
149,Tinsley ES,374,NES,561,4968991.0,225477.63,True,"561 4,494,439.00 281,452.00 191,100.00 2,000.00 4,968,991.00 225,477.63"
149,Travis ES,249,Non-NES,769,5089037.0,0.0,True,"769 4,726,138.00 259,853.00 86,756.00 8,600.00 7,690.00 5,089,037.00"
149,Twain ES,261,Non-NES,909,5902855.0,0.0,True,"909 5,334,056.00 297,351.00 189,358.00 73,000.00 9,090.00 5,902,855.00"
149,Valley West ES,285,NES,447,4621255.0,175415.36,True,"447 4,173,114.00 280,241.00 165,900.00 2,000.00 4,621,255.00 175,415.36"
149,Wainwright ES,262,NES,367,4380113.0,145050.77,True,"367 4,098,000.00 142,933.00 137,180.00 2,000.00 4,380,113.00 145,050.77"
149,Walnut Bend ES,253,NES,547,4877189.0,203214.26,True,"547 4,438,798.00 251,291.00 185,100.00 2,000.00 4,877,189.00 203,214.26"
149,Waltrip HS,016,Non-NES,1596,10455379.0,480215.26,True,"1,596 9,498,438.00 690,689.00 220,492.00 29,800.00 15,960.00 10,455,379.00 480,215.26"
149,Welch MS,066,NES,548,5775953.0,212455.75,True,"548 5,077,656.00 502,237.00 192,060.00 4,000.00 5,775,953.00 212,455.75"
149,Wesley ES,254,NES,308,3148866.0,113277.22,True,"308 2,912,953.00 122,913.00 111,000.00 2,000.00 3,148,866.00 113,277.22"
150,West Briar MS,099,Non-NES,952,6159576.0,250482.02,True,"952 5454,511.00 449,156.00 197,589.00 6,000.00 52,320.00 6,159,576.00 250,482.02"
150,West University ES,255,Non-NES,1180,7393908.0,0.0,True,"1,180 6,864,087.00 448,810.00 68,211.00 1,000.00 11,800.00 7,393,908.00"
150,Westbury HS,017,NES,1801,17970873.0,695405.17,True,"1,801 15,637,372.00 1,529,164.00 778,337.00 20,000.00 6,000.00 17,970,873.00 695,405.17"
150,Westside HS,036,Non-NES,2626,17197399.0,664982.45,True,"2,626 15,390,312.00 1,348,645.00 395,982.00 34,000.00 28,460.00 17,197,399.00 664,982.45"
150,Wharton K-8 Dual Lan,256,Non-NES,746,4656062.0,95732.72,True,"746 4,261,966.00 181,762.00 200,374.00 4,500.00 7,460.00 4,656,062.00 95,732.72"
150,Wheatley HS,018,NES,451,8491596.0,200141.03,True,"451 7,335,825.00 942,956.00 190,815.00 16,000.00 6,000.00 8,491,596.00 200,141.03"
150,Whidby ES,257,NES,359,3511807.0,134838.04,manual,"359 3,234,047.00 146,160.00 129,600.00 2,000.00 3,611,807.00 134,838.04"
150,White ES,267,Non-NES,659,4100235.0,243171.39,manual,"659 3,531,141.00 223,345.00 307,502.00 13,550.00 4,100,235.00 243,171.39"
150,"White, M. ES",483,Non-NES,456,2911115.0,138448.49,True,"456 2,715,968.00 130,132.00 62,065.00 1,950.00 1,000.00 2,911,115.00 138,448.49"
150,Whittier ES,258,NES,323,3112214.0,105478.14,True,"323 2,896,701.00 102,213.00 111,300.00 2,000.00 3,112,214.00 105,478.14"
150,Williams MS,082,NES,320,4712307.0,136556.84,True,"320 4,227,413.00 364,074.00 115,320.00 5,500.00 4,712,307.00 136,556.84"
150,Windsor Vilage ES,260,Non-NES,587,4106976.0,239798.3,manual,"587 3,888,111.00 175,076.00 24,090.00 5,000.00 4,106,976.00 239,798.30"
150,"Wisdom, M.L. HS",009,NES,1828,16499441.0,729059.98,True,"1,828 14,847,226.00 892,895.00 723,820.00 21,500.00 14,000.00 16,499,441.00 729,059.98"
150,Woodson ES,127,NES,412,4115369.0,174638.44,True,"412 3,408,114.00 563,055.00 142,200.00 2,000.00 50000 4,115,369.00 174,638.44"
150,Worthing HS,019,NES,676,9207074.0,259705.2,manual,"676 8,577,185.00 308,849.00 301,540.00 13,500.00 9,207,074.00 259,705.20"
150,Yates HS,020,NES,590,8890553.0,245399.66,manual,"590 8,029,297.00 590,006.00 249,250.00 16,000.00 8,890,553.00 245,399.66"
150,Young ES,247,NES,347,3335239.0,127690.35,manual,"347 3,072,747.00 141,092.00 118,500.00 2,000.00 3,335,239.00 127,690.35"
150,YWCPA,463,Non-NES,488,3506118.0,103567.92,True,"488 2,941,911.00 385,114.00 146,593.00 32,500.00 3,506,118.00 103,567.92"
