656bebed-9f27-4e74-87bc-332ac0ac9a3b	FY2021_2020-21_HISD_Adopted_Budget_Book.pdf
f18338e0-ce91-4eb0-ae03-1d678972fbef	FY2022_2021-22_HISD_Adopted_Budget_Book.pdf
452d4298-f535-469e-b191-5cfcb86be450	FY2023_2022-23_HISD_Adopted_Budget_Book.pdf
b367abae-b928-4399-9f1d-7f3f08ac1db9	FY2021_2020-2021_Adopted_Budget.pdf
e6f71925-7fe7-4da7-9252-8b669c29c305	FY2021_2020-2021_Budget_Summary_by_Function_Adopted.pdf
7a2dccd6-f5e4-49d2-a52c-ad5daf2981e8	FY2022_2021-2022_Adopted_Budget.pdf
85a35064-2708-45e4-8dc9-46df64bf64c9	FY2022_2021-2022_Budget_Summary_by_Function_Adopted.pdf
19aa1f97-dc82-4218-8522-67093bf9e21e	FY2023_2022-2023_Adopted_Budget.pdf
2e64a246-1f36-46ac-a032-aaec49db3870	FY2023_2022-2023_Budget_Summary_by_Function_Adopted.pdf
8d3c7aff-b462-47e3-b77e-721d4c8ea66f	FY2024_2023-2024_Adopted_Budget.pdf
24197bcf-299d-43af-9ffd-0bb5dd70b134	FY2024_2023-2024_Budget_Summary_by_Function_Adopted.pdf
e2fcf9f4-f72a-440d-b59d-1c5a7787f2ea	2021_Tax_Rate_Calculation_Worksheet.pdf
bba3d948-d8e5-43ac-a062-84a004676e2d	2022_Tax_Rate_Calculation_Worksheet.pdf
c7982ec5-e0c7-45db-b7de-7f9d98ecd7b6	2023_Tax_Rate_Calculation_Worksheet.pdf
d9e6698b-70e2-42c8-ae25-a557961bdac7	FY2020_Budget_Workshop_6_June_4_2019.pdf
f1a975c1-ee24-4ab2-8fcc-57d7642c7989	FY2020_2019-2020_Year_End_Budgetary_Amendment.pdf
825cbf90-0286-428f-8060-7100040bc85f	FY2021_Budget_Workshop_5_June_4_2020.pdf
29514672-6dda-4f38-ad24-9e55dfe47484	FY2024_Budget_Workshop_5_Public_Hearing_June_15_2023.pdf
