FY2021_2020-21_HISD_Adopted_Budget_Book.pdf	200	24556323	https://resources.finalsite.net/images/v1749058478/houstonisdorg/khmhmalseoqbjovk5f0v/Adopted_Budget_Book_with_bookmarks.pdf
FY2022_2021-22_HISD_Adopted_Budget_Book.pdf	200	18520033	https://resources.finalsite.net/images/v1749058489/houstonisdorg/zqihqtzntnu5adbcg3su/2021-2022_Adopted_Budget_Book_with_bookmarks.pdf
FY2023_2022-23_HISD_Adopted_Budget_Book.pdf	200	52824637	https://resources.finalsite.net/images/v1749058495/houstonisdorg/eh29f7yrp4s2csqmoxht/2022-2023_Adopted_Budget_Book_with_page_inserts_-updated_1-20-2023.pdf
FY2021_2020-2021_Adopted_Budget.pdf	200	131492	https://resources.finalsite.net/images/v1749058480/houstonisdorg/k5fqi25ftr4q5lqhxdvn/A-2_Adopted_Budget.pdf
FY2021_2020-2021_Budget_Summary_by_Function_Adopted.pdf	200	271989	https://resources.finalsite.net/images/v1749058480/houstonisdorg/a7g1qo687rtrlbhw1hdd/2020-21_Web_Posting_for_Adopted_Budget_All_adopted_budgets.pdf
FY2022_2021-2022_Adopted_Budget.pdf	200	86221	https://resources.finalsite.net/images/v1749058483/houstonisdorg/brzkewajs2a53s8sua06/2021-2022_Adopted_Budget.pdf
FY2022_2021-2022_Budget_Summary_by_Function_Adopted.pdf	200	110691	https://resources.finalsite.net/images/v1749058483/houstonisdorg/araifvlidaujspmroume/2021-2022_Budget_Summary_By_Function-Adopted.pdf
FY2023_2022-2023_Adopted_Budget.pdf	200	87026	https://resources.finalsite.net/images/v1749058491/houstonisdorg/zq9fzkd5xiu4f2orjuuf/2022-2023_Adopted_Budget__-June_9_2022.pdf
FY2023_2022-2023_Budget_Summary_by_Function_Adopted.pdf	200	111638	https://resources.finalsite.net/images/v1749058492/houstonisdorg/w9fzfqujldw1yaaizgq8/2022-2023_Budget_Summary_by_Function_-Adopted_-June_9_2022.pdf
FY2024_2023-2024_Adopted_Budget.pdf	200	88922	https://resources.finalsite.net/images/v1749058498/houstonisdorg/ltscdqbrvdcx5ikf0hst/2023-2024_Adopted_Budget_6-26-2023.pdf
FY2024_2023-2024_Budget_Summary_by_Function_Adopted.pdf	200	110116	https://resources.finalsite.net/images/v1749058498/houstonisdorg/xzart6divfrjdy71fxs3/2023-2024_Budget_Summary_by_Function_Adopted-6-26-2023.pdf
2021_Tax_Rate_Calculation_Worksheet.pdf	200	858240	https://resources.finalsite.net/images/v1749058482/houstonisdorg/rqmrxx3gogc4lj0ha5ay/2021_Tax_Rate_Calculation_Worksheet.pdf
2022_Tax_Rate_Calculation_Worksheet.pdf	200	153151	https://resources.finalsite.net/images/v1749058491/houstonisdorg/jzxbhci9b5fy9v2k0qyg/2022_Tax_Rate_Calculation_Worksheet_10-10-2022.pdf
2023_Tax_Rate_Calculation_Worksheet.pdf	200	2772878	https://resources.finalsite.net/images/v1749058496/houstonisdorg/u94ng7iyo2y3nz6ogwms/2023_Tax_Rate_Calculation_Worksheet.pdf
FY2020_Budget_Workshop_6_June_4_2019.pdf	200	1029712	https://resources.finalsite.net/images/v1749058475/houstonisdorg/zhkqrlgfceo0yecaux0l/June_4_Budget_Workshop_Presentation.pdf
FY2020_2019-2020_Year_End_Budgetary_Amendment.pdf	200	2876893	https://resources.finalsite.net/images/v1749058478/houstonisdorg/nt58iah5lo0qexsspi9z/2019_-_2020_Year_End_Budget_Update_Revised_052920.pdf
FY2021_Budget_Workshop_5_June_4_2020.pdf	200	435866	https://resources.finalsite.net/images/v1749058480/houstonisdorg/a0a04c4zsmng0cdfq6ns/Budget_Workshop_2020-06-04_Final.pdf
FY2024_Budget_Workshop_5_Public_Hearing_June_15_2023.pdf	200	366035	https://resources.finalsite.net/images/v1749058495/houstonisdorg/xmim5khq7cwrdom5fovx/2023-2024_Budget_Workshop_5__-_Public_Hearing_Budget_Tax_Rate_6-15-23.pdf
FY2024_2023-2024_Recommended_Budget_Presentation.pdf	200	592533	https://resources.finalsite.net/images/v1749058471/houstonisdorg/hqtsgujinejtk6ye8nzy/2023-2024_Recommended_Budget_Presentation.pdf
FY2023_2022-2023_Recommended_Budget_Final-6-9-2022.pdf	200	922406	https://resources.finalsite.net/images/v1749058471/houstonisdorg/kmply4uuz2zuxvapfcpg/2022-2023__Recommended_Budget_-_Final-6-9-2022.pdf
FY2022_2021-2022_Recommended_Budget_Final.pdf	200	2595024	https://resources.finalsite.net/images/v1749058471/houstonisdorg/twp6yhu5o5wx3o7hwgak/2021-2022__Recommended_Budget-Final-.pdf
FY2021_2020-2021_Recommended_Budget_Presentation.pdf	200	542031	https://resources.finalsite.net/images/v1749058471/houstonisdorg/zrlvdsgzn8fgvguqvlzd/2020-2021__Recommended_Budget_Presentation.pdf
