1087641	46442	directory/post/staff-directory
1087311	48986	public-notices-postings/post/2025-2026-1780676316532
1087311	46408	public-notices-postings/post/2025-2026
1087311	46407	public-notices-postings/post/2024-2025
1087311	46406	public-notices-postings/post/2023-2024
1087311	46404	public-notices-postings/post/2022-2023
1087311	46403	public-notices-postings/post/2021-2022
1087311	46402	public-notices-postings/post/2020-2021
1087511	48565	budget-planning/post/2026-2027
1087511	46416	budget-planning/post/2025-2026
1087511	46414	budget-planning/post/2024-2025
1087511	46413	budget-planning/post/2023-2024
1087511	46412	budget-planning/post/2022-2023
1087511	46411	budget-planning/post/2021-2022
1087511	46410	budget-planning/post/2020-2021
1087511	46409	budget-planning/post/2019-2020
1087578	48152	budget-books/post/2025-2026
1087578	46420	budget-books/post/2024-2025
1087578	46419	budget-books/post/2022-2023
1087578	46418	budget-books/post/2021-2022
1087578	46417	budget-books/post/2020-2021
1087597	46426	budget-adoption-presentations/post/2025-2026-recommended-budget-presentation
1087597	46425	budget-adoption-presentations/post/2024-2025-recommended-budget-presentation
1087597	46424	budget-adoption-presentations/post/2023-2024-recommended-budget-presentation
1087597	46423	budget-adoption-presentations/post/2022-2023-recommended-budget-presentation
1087597	46422	budget-adoption-presentations/post/2021-2022-recommended-budget-presentation
1087597	46421	budget-adoption-presentations/post/2020-2021-recommended-budget-presentation
1087603	48355	budgetary-update-reports/post/2024-2025-1771449565266
1087603	46432	budgetary-update-reports/post/2024-2025
1087603	46431	budgetary-update-reports/post/2023-2024
1087603	46430	budgetary-update-reports/post/2022-2023
1087603	46429	budgetary-update-reports/post/2021-2022
1087603	46428	budgetary-update-reports/post/2020-2021
1087603	46427	budgetary-update-reports/post/2019-2020
1087624	46435	school-first-presentations/post/2022-2023-school-first
1087624	46434	school-first-presentations/post/2021-2022-school-first
1087624	46433	school-first-presentations/post/2020-2021-school-first
1087627	48152	budget-books/post/2025-2026
1087627	46420	budget-books/post/2024-2025
1087627	46419	budget-books/post/2022-2023
1087627	46418	budget-books/post/2021-2022
1087627	46417	budget-books/post/2020-2021
1087642	46445	resources/post/special-revenue-template
1087642	46444	resources/post/2023-2024-understanding-the-budget-coding-process
1087642	46443	resources/post/commonly-used-budget-codes
