district,name,app_year_param,rating_year,data_year,rating,score,ind01,ind02,ind03,ind04,ind05,ind06,ind07,ind08,ind09,ind10,ind11,ind12,ind13,ind14,ind15,ind16,ind17,ind18,ind19,ind20,ind21
101912,Houston ISD,2024,2025-2026,2024-2025,A = Superior Achievement,94,Yes,Yes,Yes,Yes,Ceiling Passed,Ceiling Passed,10,4,10,10,10,10,not evaluated (10),10,5,Ceiling Passed,Ceiling Passed,10,5,Ceiling Passed,Ceiling Passed
057905,Dallas ISD,2024,2025-2026,2024-2025,A = Superior Achievement,98,Yes,Yes,Yes,Yes,Ceiling Passed,Ceiling Passed,10,10,10,10,8,10,not evaluated (10),10,5,Ceiling Passed,Ceiling Passed,10,5,Ceiling Passed,Ceiling Passed
227901,Austin ISD,2024,2025-2026,2024-2025,B = Above Standard Achievement,88,Yes,Yes,Yes,Yes,Ceiling Passed,Ceiling Passed,10,10,10,10,8,10,not evaluated (10),0,5,Ceiling Passed,Ceiling Passed,10,5,Ceiling Passed,Ceiling Passed
220905,Fort Worth ISD,2024,2025-2026,2024-2025,A = Superior Achievement,100,Yes,Yes,Yes,Yes,Ceiling Passed,Ceiling Passed,10,10,10,10,10,10,not evaluated (10),10,5,Ceiling Passed,Ceiling Passed,10,5,Ceiling Passed,Ceiling Passed
015915,Northside ISD,2024,2025-2026,2024-2025,A = Superior Achievement,98,Yes,Yes,Yes,Yes,Ceiling Passed,Ceiling Passed,10,10,10,10,8,10,not evaluated (10),10,5,Ceiling Passed,Ceiling Passed,10,5,Ceiling Passed,Ceiling Passed
101907,Cypress-Fairbanks ISD,2024,2025-2026,2024-2025,A = Superior Achievement,98,Yes,Yes,Yes,Yes,Ceiling Passed,Ceiling Passed,10,10,10,10,10,8,not evaluated (10),10,5,Ceiling Passed,Ceiling Passed,10,5,Ceiling Passed,Ceiling Passed
101914,Katy ISD,2024,2025-2026,2024-2025,A = Superior Achievement,98,Yes,Yes,Yes,Yes,Ceiling Passed,Ceiling Passed,10,10,10,10,10,8,not evaluated (10),10,5,Ceiling Passed,Ceiling Passed,10,5,Ceiling Passed,Ceiling Passed
079907,Fort Bend ISD,2024,2025-2026,2024-2025,A = Superior Achievement,94,Yes,Yes,Yes,Yes,Ceiling Passed,Ceiling Passed,8,6,10,10,10,10,not evaluated (10),10,5,Ceiling Passed,Ceiling Passed,10,5,Ceiling Passed,Ceiling Passed
101912,Houston ISD,2023,2024-2025,2023-2024,A = Superior Achievement,96,Yes,Yes,Yes,Yes,Ceiling Passed,Ceiling Passed,10,8,10,not evaluated (10),10,10,8,10,5,Ceiling Passed,Ceiling Passed,10,5,Ceiling Passed,Ceiling Passed
057905,Dallas ISD,2023,2024-2025,2023-2024,A = Superior Achievement,96,Yes,Yes,Yes,Yes,Ceiling Passed,Ceiling Passed,10,10,10,not evaluated (10),8,10,8,10,5,Ceiling Passed,Ceiling Passed,10,5,Ceiling Passed,Ceiling Passed
227901,Austin ISD,2023,2024-2025,2023-2024,A = Superior Achievement,95,Yes,Yes,Yes,Yes,Ceiling Passed,Ceiling Passed,10,8,10,not evaluated (10),10,10,10,10,5,Ceiling Passed,Ceiling Passed,10,5,Ceiling Passed,Ceiling Passed
220905,Fort Worth ISD,2023,2024-2025,2023-2024,B = Above Standard Achievement,85,Yes *,Yes,Yes,Yes,Ceiling Passed,Ceiling Passed,10,10,10,not evaluated (10),10,10,10,10,5,Ceiling Passed,Ceiling Passed,10,5,Ceiling Passed,Ceiling Passed
015915,Northside ISD,2023,2024-2025,2023-2024,A = Superior Achievement,98,Yes,Yes,Yes,Yes,Ceiling Passed,Ceiling Passed,10,10,10,not evaluated (10),8,10,10,10,5,Ceiling Passed,Ceiling Passed,10,5,Ceiling Passed,Ceiling Passed
101907,Cypress-Fairbanks ISD,2023,2024-2025,2023-2024,A = Superior Achievement,98,Yes,Yes,Yes,Yes,Ceiling Passed,Ceiling Passed,10,10,10,not evaluated (10),10,8,10,10,5,Ceiling Passed,Ceiling Passed,10,5,Ceiling Passed,Ceiling Passed
101914,Katy ISD,2023,2024-2025,2023-2024,A = Superior Achievement,98,Yes,Yes,Yes,Yes,Ceiling Passed,Ceiling Passed,10,10,10,not evaluated (10),10,8,10,10,5,Ceiling Passed,Ceiling Passed,10,5,Ceiling Passed,Ceiling Passed
079907,Fort Bend ISD,2023,2024-2025,2023-2024,A = Superior Achievement,98,Yes,Yes,Yes,Yes,Ceiling Passed,Ceiling Passed,10,8,10,not evaluated (10),10,10,10,10,5,Ceiling Passed,Ceiling Passed,10,5,Ceiling Passed,Ceiling Passed
101912,Houston ISD,2022,2023-2024,2022-2023,A = Superior Achievement,96,Yes,Yes,Yes,Yes,Ceiling Passed,Ceiling Passed,10,6,10,not evaluated (10),10,10,10,10,not evaluated (5),Ceiling Passed,Ceiling Passed,10,5,Ceiling Passed,Ceiling Passed
057905,Dallas ISD,2022,2023-2024,2022-2023,A = Superior Achievement,98,Yes,Yes,Yes,Yes,Ceiling Passed,Ceiling Passed,10,10,10,not evaluated (10),10,10,8,10,not evaluated (5),Ceiling Passed,Ceiling Passed,10,5,Ceiling Passed,Ceiling Passed
227901,Austin ISD,2022,2023-2024,2022-2023,A = Superior Achievement,94,Yes,Yes,Yes,Yes,Ceiling Passed,Ceiling Passed,10,6,10,not evaluated (10),10,10,8,10,not evaluated (5),Ceiling Passed,Ceiling Passed,10,5,Ceiling Passed,Ceiling Passed
220905,Fort Worth ISD,2022,2023-2024,2022-2023,A = Superior Achievement,100,Yes,Yes,Yes,Yes,Ceiling Passed,Ceiling Passed,10,10,10,not evaluated (10),10,10,10,10,not evaluated (5),Ceiling Passed,Ceiling Passed,10,5,Ceiling Passed,Ceiling Passed
015915,Northside ISD,2022,2023-2024,2022-2023,A = Superior Achievement,98,Yes,Yes,Yes,Yes,Ceiling Passed,Ceiling Passed,10,10,10,not evaluated (10),8,10,10,10,not evaluated (5),Ceiling Passed,Ceiling Passed,10,5,Ceiling Passed,Ceiling Passed
101907,Cypress-Fairbanks ISD,2022,2023-2024,2022-2023,A = Superior Achievement,98,Yes,Yes,Yes,Yes,Ceiling Passed,Ceiling Passed,10,10,10,not evaluated (10),10,8,10,10,not evaluated (5),Ceiling Passed,Ceiling Passed,10,5,Ceiling Passed,Ceiling Passed
101914,Katy ISD,2022,2023-2024,2022-2023,A = Superior Achievement,96,Yes,Yes,Yes,Yes,Ceiling Passed,Ceiling Passed,10,8,10,not evaluated (10),10,8,10,10,not evaluated (5),Ceiling Passed,Ceiling Passed,10,5,Ceiling Passed,Ceiling Passed
079907,Fort Bend ISD,2022,2023-2024,2022-2023,A = Superior Achievement,95,Yes,Yes,Yes,Yes,Ceiling Passed,Ceiling Passed,10,6,10,not evaluated (10),10,10,10,10,not evaluated (5),Ceiling Passed,Ceiling Passed,10,5,Ceiling Passed,Ceiling Passed
101912,Houston ISD,2021,2022-2023,2021-2022,A = Superior Achievement,98,Yes,Yes,Yes,Yes,not evaluated,Ceiling Passed,10,8,10,not evaluated (10),10,10,10,not evaluated (10),not evaluated (5),Ceiling Passed,Ceiling Passed,10,5,Ceiling Passed,
057905,Dallas ISD,2021,2022-2023,2021-2022,A = Superior Achievement,95,Yes,Yes,Yes,Yes,not evaluated,Ceiling Passed,10,10,10,not evaluated (10),10,10,8,not evaluated (10),not evaluated (5),Ceiling Passed,Ceiling Passed,10,5,Ceiling Passed,
227901,Austin ISD,2021,2022-2023,2021-2022,A = Superior Achievement,94,Yes,Yes,Yes,Yes,not evaluated,Ceiling Passed,10,6,10,not evaluated (10),10,10,8,not evaluated (10),not evaluated (5),Ceiling Passed,Ceiling Passed,10,5,Ceiling Passed,
220905,Fort Worth ISD,2021,2022-2023,2021-2022,A = Superior Achievement,98,Yes,Yes,Yes,Yes,not evaluated,Ceiling Passed,10,8,10,not evaluated (10),10,10,10,not evaluated (10),not evaluated (5),Ceiling Passed,Ceiling Passed,10,5,Ceiling Passed,
015915,Northside ISD,2021,2022-2023,2021-2022,A = Superior Achievement,98,Yes,Yes,Yes,Yes,not evaluated,Ceiling Passed,10,10,10,not evaluated (10),8,10,10,not evaluated (10),not evaluated (5),Ceiling Passed,Ceiling Passed,10,5,Ceiling Passed,
101907,Cypress-Fairbanks ISD,2021,2022-2023,2021-2022,A = Superior Achievement,92,Yes,Yes,Yes,Yes,not evaluated,Ceiling Passed,10,10,10,not evaluated (10),4,8,10,not evaluated (10),not evaluated (5),Ceiling Passed,Ceiling Passed,10,5,Ceiling Passed,
101914,Katy ISD,2021,2022-2023,2021-2022,A = Superior Achievement,98,Yes,Yes,Yes,Yes,not evaluated,Ceiling Passed,10,10,10,not evaluated (10),10,8,10,not evaluated (10),not evaluated (5),Ceiling Passed,Ceiling Passed,10,5,Ceiling Passed,
079907,Fort Bend ISD,2021,2022-2023,2021-2022,A = Superior Achievement,96,Yes,Yes,Yes,Yes,not evaluated,Ceiling Passed,10,6,10,not evaluated (10),10,10,10,not evaluated (10),not evaluated (5),Ceiling Passed,Ceiling Passed,10,5,Ceiling Passed,
101912,Houston ISD,2020,2021-2022,2020-2021,C = Meets Standard Achievement,79,Yes,Yes,Yes,Yes,1 Multiplier Sum,Ceiling Passed,10,8,10,10,10,10,10,10,5,Ceiling Passed,Ceiling Failed,10,5,Ceiling Passed,
057905,Dallas ISD,2020,2021-2022,2020-2021,A = Superior Achievement,96,Yes,Yes,Yes,Yes,1 Multiplier Sum,Ceiling Passed,10,10,10,10,8,10,8,10,5,Ceiling Passed,Ceiling Passed,10,5,Ceiling Passed,
227901,Austin ISD,2020,2021-2022,2020-2021,A = Superior Achievement,90,Yes,Yes,Yes,Yes,1 Multiplier Sum,Ceiling Passed,10,2,10,10,10,10,8,10,5,Ceiling Passed,Ceiling Passed,10,5,Ceiling Passed,
220905,Fort Worth ISD,2020,2021-2022,2020-2021,A = Superior Achievement,94,Yes,Yes,Yes,Yes,1 Multiplier Sum,Ceiling Passed,10,4,10,10,10,10,10,10,5,Ceiling Passed,Ceiling Passed,10,5,Ceiling Passed,
015915,Northside ISD,2020,2021-2022,2020-2021,A = Superior Achievement,96,Yes,Yes,Yes,Yes,1 Multiplier Sum,Ceiling Passed,10,10,10,10,6,10,10,10,5,Ceiling Passed,Ceiling Passed,10,5,Ceiling Passed,
101907,Cypress-Fairbanks ISD,2020,2021-2022,2020-2021,A = Superior Achievement,92,Yes,Yes,Yes,Yes,1 Multiplier Sum,Ceiling Passed,10,10,10,10,4,8,10,10,5,Ceiling Passed,Ceiling Passed,10,5,Ceiling Passed,
101914,Katy ISD,2020,2021-2022,2020-2021,A = Superior Achievement,98,Yes,Yes,Yes,Yes,1 Multiplier Sum,Ceiling Passed,10,10,10,10,10,8,10,10,5,Ceiling Passed,Ceiling Passed,10,5,Ceiling Passed,
079907,Fort Bend ISD,2020,2021-2022,2020-2021,A = Superior Achievement,92,Yes,Yes,Yes,Yes,1 Multiplier Sum,Ceiling Passed,10,6,10,10,6,10,10,10,5,Ceiling Passed,Ceiling Passed,10,5,Ceiling Passed,
