fund,line,measure,2018-19,2019-20,2020-21,2021-22,2022-23,2023-24,2024-25
,enrolled_membership,count,209040,209309,196550,193727,189290,183603,176039
AF,rev_local_mo,amount,1481957741,1634158331,1603618038,1610402369,1532970263,1506848009,1466211104
AF,rev_local_mo,per_student,7089,7807,8159,8313,8099,8207,8329
AF,rev_local_mo,state_per_student,4605,4660,4876,4959,5214,4553,4776
AF,rev_state_oper,amount,359936266,160473610,230253260,162045419,145116709,256782994,214908431
AF,rev_state_oper,per_student,1722,767,1171,836,767,1399,1221
AF,rev_state_oper,state_per_student,4047,4417,4626,4516,4310,5545,5637
AF,rev_federal,amount,331354343,352201884,341024809,699119668,816347771,779835009,400497957
AF,rev_federal,per_student,1585,1683,1735,3609,4313,4247,2275
AF,rev_federal,state_per_student,1285,1280,1661,2610,2568,2138,1471
AF,rev_other_local,amount,68235118,50342150,38564154,63751893,111045972,110022241,148159388
AF,rev_other_local,per_student,326,241,196,329,587,599,842
AF,rev_other_local,state_per_student,532,453,341,417,731,801,783
AF,rev_total_oper,amount,2241483468,2197175975,2213460261,2535319349,2605480715,2653488253,2229776880
AF,rev_total_oper,per_student,10723,10497,11262,13087,13764,14452,12666
AF,rev_total_oper,state_per_student,10470,10811,11505,12502,12822,13037,12666
AF,rev_local_is,amount,279196478,296674229,314102913,319798020,347958841,357262478,361751795
AF,rev_local_is,per_student,1336,1417,1598,1651,1838,1946,2055
AF,rev_local_is,state_per_student,1314,1458,1557,1640,1850,1975,2096
AF,rev_state_debt,amount,2583506,2385404,2078280,2158825,5864587,17973535,16441842
AF,rev_state_debt,per_student,12,11,11,11,31,98,93
AF,rev_state_debt,state_per_student,92,76,66,59,71,200,201
AF,rev_total_other,amount,330915236,375886056,361848401,363608827,395588012,488643537,423240522
AF,rev_total_other,per_student,1583,1796,1841,1877,2090,2661,2404
AF,rev_total_other,state_per_student,1552,1700,1810,1889,2138,2451,2589
AF,recapture_rev,amount,265231840,80843995,197810414,184470759,276396220,0,56900029
AF,recapture_rev,per_student,1269,386,1006,952,1460,0,323
AF,recapture_rev,state_per_student,511,476,554,556,821,488,533
AF,rev_trs_onbehalf,amount,76909310,85470235,86923365,81873575,81866878,109490737,113672854
AF,rev_trs_onbehalf,per_student,368,408,442,423,432,596,646
AF,rev_trs_onbehalf,state_per_student,384,455,468,465,487,555,588
AF,rev_debt_fin,amount,216345591,222392091,92052662,137640310,214802219,22256775,482636155
AF,rev_debt_fin,per_student,1035,1063,468,710,1135,121,2742
AF,rev_debt_fin,state_per_student,682,1224,2228,900,458,628,1023
AF,exp_payroll_61,amount,1491157019,1561498016,1589716652,1678101421,1836142946,2022315659,1959394327
AF,exp_payroll_61,per_student,7133,7460,8088,8662,9700,11015,11130
AF,exp_payroll_61,state_per_student,7854,8329,8835,9310,9642,10075,10147
AF,exp_contracted_62,amount,294666292,282624265,319040125,382022779,370251159,365850595,333197748
AF,exp_contracted_62,per_student,1410,1350,1623,1972,1956,1993,1893
AF,exp_contracted_62,state_per_student,933,936,1024,1185,1263,1344,1321
AF,exp_supplies_63,amount,146920059,157896640,131475539,179346682,196522713,190916958,149569305
AF,exp_supplies_63,per_student,703,754,669,926,1038,1040,850
AF,exp_supplies_63,state_per_student,861,897,992,1103,1090,1092,1028
AF,exp_otherop_64,amount,27977895,32314624,28253540,41139510,57389051,53316705,48346688
AF,exp_otherop_64,per_student,134,154,144,212,303,290,275
AF,exp_otherop_64,state_per_student,265,244,256,343,393,440,455
AF,exp_total_oper,amount,1960721265,2034333545,2068485856,2280610392,2460305869,2632399917,2490508068
AF,exp_total_oper,per_student,9380,9719,10524,11772,12998,14337,14147
AF,exp_total_oper,state_per_student,9913,10406,11106,11941,12389,12950,12951
AF,exp_debt_65,amount,524584715,528737072,419674323,476069223,480340975,429012031,399014170
AF,exp_debt_65,per_student,2509,2526,2135,2457,2538,2337,2267
AF,exp_debt_65,state_per_student,1558,1738,1748,1822,2029,2261,2507
AF,exp_capital_66,amount,366594715,340244080,168236929,145785591,153933420,267209705,105094425
AF,exp_capital_66,per_student,1754,1626,856,753,813,1455,597
AF,exp_capital_66,state_per_student,1636,1913,1936,1933,2364,2906,3506
AF,exp_grand_total,amount,2851900695,2903314697,2656471508,2902999507,3094827369,3332345222,2997323162
AF,exp_grand_total,per_student,13643,13871,13516,14985,16350,18150,17026
AF,exp_grand_total,state_per_student,13108,14058,14797,15705,16792,18125,18972
AF,f11_instruction,amount,1085122989,1155011551,1177202440,1258672283,1380080565,1480716426,1407573880
AF,f11_instruction,per_student,5191,5518,5989,6497,7291,8065,7996
AF,f11_instruction,state_per_student,5558,5929,6358,6670,6849,7101,7064
AF,f12_instr_resources,amount,9855916,7800121,9074425,6929945,18585362,14977840,7147380
AF,f12_instr_resources,per_student,47,37,46,36,98,82,41
AF,f12_instr_resources,state_per_student,112,113,116,120,121,119,114
AF,f13_curriculum_staffdev,amount,60503235,57372701,60468194,62248310,74047351,61712624,38812635
AF,f13_curriculum_staffdev,per_student,289,274,308,321,391,336,220
AF,f13_curriculum_staffdev,state_per_student,226,234,253,291,308,320,296
AF,f21_instr_leadership,amount,31900245,32468119,36306005,38774954,41098966,84882342,83518377
AF,f21_instr_leadership,per_student,153,155,185,200,217,462,474
AF,f21_instr_leadership,state_per_student,162,172,186,206,223,236,227
AF,f23_school_leadership,amount,145714852,150666909,147147444,150826021,167677452,219716574,241050606
AF,f23_school_leadership,per_student,697,720,749,779,886,1197,1369
AF,f23_school_leadership,state_per_student,589,620,654,688,710,741,752
AF,f31_guidance,amount,63162912,75576054,78385166,85261009,102192656,82998876,82075548
AF,f31_guidance,per_student,302,361,399,440,540,452,466
AF,f31_guidance,state_per_student,374,402,435,468,497,525,537
AF,f32_social_work,amount,9741786,14371706,19470912,32711063,37041526,25364413,8631820
AF,f32_social_work,per_student,47,69,99,169,196,138,49
AF,f32_social_work,state_per_student,28,32,35,43,46,45,40
AF,f33_health,amount,23796257,24835814,49802706,61584403,30359022,27838907,28292352
AF,f33_health,per_student,114,119,253,318,160,152,161
AF,f33_health,state_per_student,103,111,132,139,133,132,132
AF,f34_transportation,amount,60563075,56558402,47998983,57038937,56809909,56103368,53707689
AF,f34_transportation,per_student,290,270,244,294,300,306,305
AF,f34_transportation,state_per_student,302,297,299,353,374,395,395
AF,f35_food,amount,127747054,119394964,90097458,124978087,133503467,146367460,140934293
AF,f35_food,per_student,611,570,458,645,705,797,801
AF,f35_food,state_per_student,538,518,479,598,631,683,690
AF,f36_extracurricular,amount,16209277,19962129,28894036,30155300,37020776,39024557,38038880
AF,f36_extracurricular,per_student,78,95,147,156,196,213,216
AF,f36_extracurricular,state_per_student,304,287,293,355,384,400,406
AF,f41_general_admin,amount,44800677,34050330,34570489,41373098,57922395,61607637,59161231
AF,f41_general_admin,per_student,214,163,176,214,306,336,336
AF,f41_general_admin,state_per_student,322,335,361,393,411,427,424
AF,f51_plant_maint,amount,194389021,188171188,198361972,234649783,219226445,226188915,210095462
AF,f51_plant_maint,per_student,930,899,1009,1211,1158,1232,1193
AF,f51_plant_maint,state_per_student,965,999,1098,1177,1227,1303,1327
AF,f52_security,amount,23933680,24593079,27712654,30130671,33309749,32649639,33569297
AF,f52_security,per_student,114,118,141,156,176,178,191
AF,f52_security,state_per_student,103,113,119,131,165,209,238
AF,f53_data_processing,amount,55424938,58806518,50159121,54230673,56972361,56704704,46190711
AF,f53_data_processing,per_student,265,281,255,280,301,309,262
AF,f53_data_processing,state_per_student,177,192,228,246,239,241,239
AF,f61_community,amount,7855351,14693960,12833851,11045855,14457867,15545635,11707907
AF,f61_community,per_student,38,70,65,57,76,85,67
AF,f61_community,state_per_student,49,51,57,60,64,67,67
AF,pic11_basic,amount,824474297,879659526,897774543,947799499,1071009854,1158402254,1105650919
AF,pic11_basic,per_student,3944,4203,4568,4892,5658,6309,6281
AF,pic11_basic,state_per_student,4389,4528,4716,4839,5031,5235,5229
AF,pic21_gt,amount,8270580,7944410,9019217,7841365,8797997,8246591,8872471
AF,pic21_gt,per_student,40,38,46,40,46,45,50
AF,pic21_gt,state_per_student,77,74,76,73,73,70,70
AF,pic22_cte,amount,42285014,47098354,50164807,52036457,55274079,54975323,62080341
AF,pic22_cte,per_student,202,225,255,269,292,299,353
AF,pic22_cte,state_per_student,309,337,367,394,419,447,466
AF,pic23_swd,amount,208755073,215654945,237578859,231604951,266181667,295357162,361557851
AF,pic23_swd,per_student,999,1030,1209,1196,1406,1609,2054
AF,pic23_swd,state_per_student,1219,1300,1411,1473,1577,1718,1820
AF,pic24_comp_ed,amount,244349957,227164747,238161262,247908301,286600768,315904153,229586537
AF,pic24_comp_ed,per_student,1169,1085,1212,1280,1514,1721,1304
AF,pic24_comp_ed,state_per_student,863,906,1020,1181,1213,1184,1067
AF,pic25_bilingual,amount,64509864,44058685,43920306,46102390,43039102,45158715,38116900
AF,pic25_bilingual,per_student,309,210,223,238,227,246,217
AF,pic25_bilingual,state_per_student,128,122,131,135,138,151,147
AF,pic91_athletics,amount,12172701,12378569,11978128,13747739,17765376,20930946,21383319
AF,pic91_athletics,per_student,58,59,61,71,94,114,121
AF,pic91_athletics,state_per_student,202,197,209,234,247,257,263
AF,pic99_unallocated,amount,517857738,506817044,480789720,619290251,625638136,643429938,578389915
AF,pic99_unallocated,per_student,2477,2421,2446,3197,3305,3504,3286
AF,pic99_unallocated,state_per_student,2514,2568,2729,3155,3309,3495,3485
AF,disb_recapture,amount,265231840,80843995,197810414,184470759,276396220,0,56900029
AF,disb_recapture,per_student,1269,386,1006,952,1460,0,323
AF,disb_recapture,state_per_student,511,476,554,556,821,488,533
AF,disb_total,amount,3247314511,3107259676,2970850783,3197813259,3479183296,3445215090,3149327100
AF,disb_total,per_student,15534,14845,15115,16507,18380,18764,17890
AF,disb_total,state_per_student,13942,14847,15713,16604,17966,18921,19796
GF,rev_local_mo,amount,1481957741,1634158331,1603618038,1610402369,1532970263,1506848009,1466211104
GF,rev_local_mo,per_student,7089,7807,8159,8313,8099,8207,8329
GF,rev_local_mo,state_per_student,4605,4660,4876,4959,5213,4552,4773
GF,rev_state_oper,amount,322963194,133463028,208741856,146793454,133086689,210041512,158467092
GF,rev_state_oper,per_student,1545,638,1062,758,703,1144,900
GF,rev_state_oper,state_per_student,3922,4257,4524,4431,4197,5332,5388
GF,rev_federal,amount,19372819,23877839,27712808,61236580,69955765,78105612,25580041
GF,rev_federal,per_student,93,114,141,316,370,425,145
GF,rev_federal,state_per_student,311,241,298,397,393,290,205
GF,rev_other_local,amount,34165456,24000653,14583852,22715324,60475970,78122882,119554936
GF,rev_other_local,per_student,163,115,74,117,319,426,679
GF,rev_other_local,state_per_student,289,254,196,227,456,525,500
GF,rev_total_oper,amount,1858459210,1815499851,1854656554,1841147727,1796488687,1873118015,1769813173
GF,rev_total_oper,per_student,8890,8674,9436,9504,9491,10202,10054
GF,rev_total_oper,state_per_student,9128,9413,9893,10014,10259,10699,10866
GF,rev_local_is,amount,0,0,0,0,0,0,0
GF,rev_local_is,per_student,0,0,0,0,0,0,0
GF,rev_local_is,state_per_student,0,0,0,0,0,0,0
GF,rev_state_debt,amount,0,0,0,0,0,0,0
GF,rev_state_debt,per_student,0,0,0,0,0,0,0
GF,rev_state_debt,state_per_student,0,0,0,0,0,0,0
GF,rev_total_other,amount,49135252,73896467,43747698,41348691,36620069,103129357,27685445
GF,rev_total_other,per_student,235,353,223,213,193,562,157
GF,rev_total_other,state_per_student,121,126,132,144,125,173,191
GF,recapture_rev,amount,265231840,80843995,197810414,184470759,276396220,0,56900029
GF,recapture_rev,per_student,1269,386,1006,952,1460,0,323
GF,recapture_rev,state_per_student,511,476,554,556,821,488,533
GF,rev_trs_onbehalf,amount,76909310,85470235,86923365,81873575,81866878,109490737,113672854
GF,rev_trs_onbehalf,per_student,368,408,442,423,432,596,646
GF,rev_trs_onbehalf,state_per_student,380,452,464,460,483,550,583
GF,rev_debt_fin,amount,0,0,0,0,0,0,0
GF,rev_debt_fin,per_student,0,0,0,0,0,0,0
GF,rev_debt_fin,state_per_student,0,0,0,0,0,0,0
GF,exp_payroll_61,amount,1314879222,1320709706,1425945983,1311121616,1418249342,1664525413,1741656131
GF,exp_payroll_61,per_student,6290,6310,7255,6768,7492,9066,9894
GF,exp_payroll_61,state_per_student,7185,7533,7947,7943,8223,8837,9257
GF,exp_contracted_62,amount,235979226,224097219,256265203,251245393,230341646,199816900,266263496
GF,exp_contracted_62,per_student,1129,1071,1304,1297,1217,1088,1513
GF,exp_contracted_62,state_per_student,788,788,852,925,975,1044,1073
GF,exp_supplies_63,amount,46789169,56194243,73799706,59789309,60497937,49282739,39299135
GF,exp_supplies_63,per_student,224,268,375,309,320,268,223
GF,exp_supplies_63,state_per_student,431,468,519,515,516,512,517
GF,exp_otherop_64,amount,24139920,21715623,20149179,26747564,42630442,37905068,34373500
GF,exp_otherop_64,per_student,115,104,103,138,225,206,195
GF,exp_otherop_64,state_per_student,214,203,221,271,318,362,380
GF,exp_total_oper,amount,1621787537,1622716791,1776160071,1648903882,1751719367,1951530120,2081592262
GF,exp_total_oper,per_student,7758,7753,9037,8511,9254,10629,11825
GF,exp_total_oper,state_per_student,8618,8993,9539,9655,10032,10755,11227
GF,exp_debt_65,amount,8946862,14995323,14818736,10250592,12901377,18998182,10163192
GF,exp_debt_65,per_student,43,72,75,53,68,103,58
GF,exp_debt_65,state_per_student,68,80,84,97,113,121,129
GF,exp_capital_66,amount,21670902,68673928,52624549,67386718,45780778,85676049,32029144
GF,exp_capital_66,per_student,104,328,268,348,242,467,182
GF,exp_capital_66,state_per_student,185,223,199,221,251,271,197
GF,exp_grand_total,amount,1652405301,1706386042,1843677756,1726874786,1810467343,2057231756,2123824127
GF,exp_grand_total,per_student,7905,8152,9380,8914,9565,11205,12065
GF,exp_grand_total,state_per_student,8871,9295,9828,9979,10404,11152,11559
GF,f11_instruction,amount,961636258,952989196,1070146239,948208821,1021247311,1104486999,1248528899
GF,f11_instruction,per_student,4600,4553,5445,4895,5395,6016,7092
GF,f11_instruction,state_per_student,5036,5294,5617,5564,5738,6156,6446
GF,f12_instr_resources,amount,9777869,7774709,9051613,6652048,18356898,13797284,6944632
GF,f12_instr_resources,per_student,47,37,46,34,97,75,39
GF,f12_instr_resources,state_per_student,106,107,109,105,108,108,107
GF,f13_curriculum_staffdev,amount,29025898,29112344,33127549,31533523,28454099,25655151,14161318
GF,f13_curriculum_staffdev,per_student,139,139,169,163,150,140,80
GF,f13_curriculum_staffdev,state_per_student,140,146,159,162,160,176,182
GF,f21_instr_leadership,amount,20702189,20917465,23638197,23901949,22237336,62775331,68042893
GF,f21_instr_leadership,per_student,99,100,120,123,117,342,387
GF,f21_instr_leadership,state_per_student,132,141,152,161,171,183,186
GF,f23_school_leadership,amount,141968542,149154939,146064692,146341384,161549179,214592944,233083909
GF,f23_school_leadership,per_student,679,713,743,755,853,1169,1324
GF,f23_school_leadership,state_per_student,575,604,636,649,670,708,729
GF,f31_guidance,amount,48748366,57754048,61788609,59221652,64807098,64548094,67390975
GF,f31_guidance,per_student,233,276,314,306,342,352,383
GF,f31_guidance,state_per_student,310,333,351,346,360,393,432
GF,f32_social_work,amount,8428953,12142026,16938519,17943616,8304672,4712674,6203968
GF,f32_social_work,per_student,40,58,86,93,44,26,35
GF,f32_social_work,state_per_student,21,23,25,25,23,24,27
GF,f33_health,amount,19312507,21309093,48096862,31231433,26655532,24194077,26000000
GF,f33_health,per_student,92,102,245,161,141,132,148
GF,f33_health,state_per_student,97,105,120,110,112,120,127
GF,f34_transportation,amount,56442213,52035008,43490557,50610649,51294905,52186623,49745219
GF,f34_transportation,per_student,270,249,221,261,271,284,283
GF,f34_transportation,state_per_student,299,290,293,339,360,384,390
GF,f35_food,amount,0,234114,2741092,50604,86050,71239,118310
GF,f35_food,per_student,0,1,14,0,0,0,1
GF,f35_food,state_per_student,67,66,60,68,81,87,88
GF,f36_extracurricular,amount,15297084,15568319,14171838,16266910,20833899,24986019,25527457
GF,f36_extracurricular,per_student,73,74,72,84,110,136,145
GF,f36_extracurricular,state_per_student,267,255,261,299,320,334,341
GF,f41_general_admin,amount,41025547,31910338,32235001,36948195,40263494,52173309,51357659
GF,f41_general_admin,per_student,196,152,164,191,213,284,292
GF,f41_general_admin,state_per_student,317,328,351,371,387,403,413
GF,f51_plant_maint,amount,191139305,186572060,196442492,198243033,207747205,218890395,205588891
GF,f51_plant_maint,per_student,914,891,999,1023,1098,1192,1168
GF,f51_plant_maint,state_per_student,952,978,1050,1083,1151,1242,1297
GF,f52_security,amount,22468674,24104805,26835701,28133320,30399860,31148720,29263738
GF,f52_security,per_student,107,115,137,145,161,170,166
GF,f52_security,state_per_student,101,108,111,120,145,174,187
GF,f53_data_processing,amount,53685264,57310059,48759983,51668473,47574774,50300253,44517825
GF,f53_data_processing,per_student,257,274,248,267,251,274,253
GF,f53_data_processing,state_per_student,174,187,211,220,214,227,234
GF,f61_community,amount,2128868,3828268,2631127,1948272,1907055,7011008,5116569
GF,f61_community,per_student,10,18,13,10,10,38,29
GF,f61_community,state_per_student,26,26,31,30,30,33,35
GF,pic11_basic,amount,795301078,757427273,871760122,755853973,874295829,1048553322,1082905641
GF,pic11_basic,per_student,3805,3619,4435,3902,4619,5711,6152
GF,pic11_basic,state_per_student,4261,4279,4449,4376,4593,4903,5064
GF,pic21_gt,amount,8040015,7657459,8944928,7512316,8142725,7993012,8849794
GF,pic21_gt,per_student,38,37,46,39,43,44,50
GF,pic21_gt,state_per_student,76,74,75,72,71,69,69
GF,pic22_cte,amount,40049471,45082047,48187340,48947465,50787313,50367610,59700646
GF,pic22_cte,per_student,192,215,245,253,268,274,339
GF,pic22_cte,state_per_student,297,325,353,375,397,426,450
GF,pic23_swd,amount,168779038,174781157,199772402,188216996,209726230,229166494,319643583
GF,pic23_swd,per_student,807,835,1016,972,1108,1248,1816
GF,pic23_swd,state_per_student,1001,1083,1180,1217,1293,1432,1567
GF,pic24_comp_ed,amount,141586346,143107276,150469737,141748437,123714710,91035969,94575305
GF,pic24_comp_ed,per_student,677,684,766,732,654,496,537
GF,pic24_comp_ed,state_per_student,536,585,630,618,594,623,646
GF,pic25_bilingual,amount,55651255,38153541,37938396,35491054,27321130,20991759,28203680
GF,pic25_bilingual,per_student,266,182,193,183,144,114,160
GF,pic25_bilingual,state_per_student,107,104,110,108,107,118,122
GF,pic91_athletics,amount,12134832,12352544,11973260,13648287,17626863,20879009,21284873
GF,pic91_athletics,per_student,58,59,61,70,93,114,121
GF,pic91_athletics,state_per_student,196,192,204,223,238,247,253
GF,pic99_unallocated,amount,362204946,351592149,348647463,362769831,376831291,410804054,382382139
GF,pic99_unallocated,per_student,1733,1680,1774,1873,1991,2237,2172
GF,pic99_unallocated,state_per_student,1940,1989,2110,2238,2383,2566,2657
GF,disb_recapture,amount,265231840,80843995,197810414,184470759,276396220,0,56900029
GF,disb_recapture,per_student,1269,386,1006,952,1460,0,323
GF,disb_recapture,state_per_student,511,476,554,556,821,488,533
GF,disb_total,amount,2044099687,1906732127,2154409903,2018556238,2191210702,2165625156,2267179224
GF,disb_total,per_student,9779,9110,10961,10420,11576,11795,12879
GF,disb_total,state_per_student,9685,10065,10716,10860,11552,11929,12363
GF,fb_unassigned,amount,512328146,655054226,556322769,664168528,590067862,590067862,0
GF,fb_unassigned,per_student,2451,3130,2830,3428,3117,3214,0
GF,fb_unassigned,state_per_student,,,,,,,
GF,fb_total,amount,818993804,967900148,996625712,1126908568,1127068920,1047196700,0
GF,fb_total,per_student,3918,4624,5071,5817,5954,5704,0
GF,fb_total,state_per_student,,,,,,,
