fy,basis,local,state,federal,total
FY2019,audited,1781355038,399872504,19372818,2200600360
FY2020,audited,1739002978,218933263,23877840,1981814081
FY2021,audited,1816012304,295665220,27712808,2139390332
FY2022,audited,1817588453,228667029,61236580,2107492062
FY2023,audited,1869842453,214953566,69955765,2154751784
FY2024,audited,1584970890,319532249,78105613,1982608752
FY2025,audited,1642666068,272139946,25580042,1940386056
FY2026,final amended budget (A26-2),1654861362,377325695,21660000,2053847057
FY2027,adopted budget (S27),1604861362,364725695,20860000,1990447057
