school_year,basis,nes_status,level,campuses,membership,total_oper_exp_gf_per_student,payroll_gf_per_student,f11_instruction_gf_per_student,f23_school_leadership_gf_per_student,f21_instr_leadership_gf_per_student
2025-26,budget filed with TEA (PEIMS),NES,ALL,128,62616,12944,11603,9253,1624,623
2025-26,budget filed with TEA (PEIMS),NES,Elementary,86,33942,11968,10821,8838,1517,474
2025-26,budget filed with TEA (PEIMS),NES,High,15,14299,14567,12999,9786,1668,1094
2025-26,budget filed with TEA (PEIMS),NES,Middle,21,9680,14172,12476,10120,1930,461
2025-26,budget filed with TEA (PEIMS),NES,Other/Combined,6,4695,12531,11198,8835,1638,601
2025-26,budget filed with TEA (PEIMS),non-NES,ALL,133,104313,8409,6944,6082,1070,372
2025-26,budget filed with TEA (PEIMS),non-NES,ECC,8,2675,10848,9707,7494,1639,519
2025-26,budget filed with TEA (PEIMS),non-NES,Elementary,70,40476,8909,8048,6519,1156,355
2025-26,budget filed with TEA (PEIMS),non-NES,High,17,20964,8521,7386,5574,1254,543
2025-26,budget filed with TEA (PEIMS),non-NES,Middle,14,13026,8618,7456,6077,1182,310
2025-26,budget filed with TEA (PEIMS),non-NES,Other/Combined,24,27172,7237,4439,5687,692,280
