school_year,nes_status,level,campuses,membership,total_oper_exp_af_per_student,total_oper_exp_gf_per_student,payroll_af_per_student,payroll_gf_per_student,f11_instruction_af_per_student,f11_instruction_gf_per_student,f23_school_leadership_af_per_student,f23_school_leadership_gf_per_student,f21_instr_leadership_af_per_student,f21_instr_leadership_gf_per_student,f31_guidance_af_per_student,f31_guidance_gf_per_student,pic_comp_ed_af_per_student,pic_comp_ed_gf_per_student,pic_swd_af_per_student,pic_swd_gf_per_student,median_campus_total_oper_af_ps
2018-19,NES-cohort-2024-25 (pre-NES year),ALL,129,91708,7381,6827,6265,5862,5144,4646,761,745,105,105,268,250,1052,580,983,957,7225
2018-19,NES-cohort-2024-25 (pre-NES year),Elementary,86,49236,7118,6579,6097,5716,5248,4738,644,638,98,98,219,215,1011,543,766,743,6896
2018-19,NES-cohort-2024-25 (pre-NES year),High,15,19340,7885,7221,6538,6062,5007,4496,971,923,125,125,409,338,957,419,1263,1232,8105
2018-19,NES-cohort-2024-25 (pre-NES year),Middle,21,16361,7763,7258,6539,6149,5213,4736,841,830,108,108,252,248,1293,868,1349,1310,7626
2018-19,NES-cohort-2024-25 (pre-NES year),Other/Combined,7,6771,6926,6459,6048,5648,4611,4182,817,815,97,97,262,261,1042,621,880,870,7230
2018-19,never-NES-by-2024-25,ALL,141,116466,6561,6227,5201,4959,4774,4470,612,607,88,88,210,203,685,417,545,521,6488
2018-19,never-NES-by-2024-25,ECC,8,3515,7463,7015,6013,5647,5059,4632,658,650,91,91,191,191,605,213,477,455,6818
2018-19,never-NES-by-2024-25,Elementary,70,48676,6532,6157,5755,5480,4891,4536,567,564,90,90,194,190,697,388,563,544,6412
2018-19,never-NES-by-2024-25,High,16,21331,6686,6374,5642,5418,4252,4016,834,829,98,98,307,279,610,392,537,506,6401
2018-19,never-NES-by-2024-25,Middle,14,15128,6435,6177,5410,5225,4305,4062,717,715,84,84,220,217,591,360,765,754,6364
2018-19,never-NES-by-2024-25,Other/Combined,33,27816,6472,6163,3679,3464,5185,4901,457,446,78,78,162,161,784,545,410,375,6625
2018-19,pre-NES wave: NES 2023,ALL,28,17322,7620,7093,6426,6052,5287,4786,765,760,106,106,290,285,1125,652,1067,1044,7638
2018-19,pre-NES wave: NES 2024,ALL,45,33267,7263,6752,6117,5751,5056,4590,746,737,103,103,250,234,973,553,926,896,7230
2018-19,pre-NES wave: NES-A 2023,ALL,56,41119,7376,6776,6317,5871,5154,4632,771,746,106,106,273,249,1086,573,995,969,7009
2019-20,NES-cohort-2024-25 (pre-NES year),ALL,129,91964,7616,6595,6432,5762,5297,4596,787,776,101,101,284,254,1076,738,1023,998,7477
2019-20,NES-cohort-2024-25 (pre-NES year),Elementary,86,49120,7347,6356,6243,5629,5408,4751,665,662,89,89,221,205,971,658,808,784,7272
2019-20,NES-cohort-2024-25 (pre-NES year),High,15,19517,8157,7046,6825,6035,5234,4435,988,945,138,138,444,371,1135,693,1310,1283,8273
2019-20,NES-cohort-2024-25 (pre-NES year),Middle,21,16092,8095,7038,6778,6061,5390,4631,907,906,97,97,290,267,1355,1047,1398,1363,8198
2019-20,NES-cohort-2024-25 (pre-NES year),Other/Combined,7,7235,6911,6023,5879,5259,4503,3903,803,802,90,90,262,239,1004,715,873,863,6850
2019-20,never-NES-by-2024-25,ALL,140,116412,6758,5976,5334,4794,4916,4364,628,627,85,85,218,202,648,458,565,541,6816
2019-20,never-NES-by-2024-25,ECC,8,3537,7561,7019,6146,5781,5863,5463,637,636,86,86,178,178,518,215,518,508,7454
2019-20,never-NES-by-2024-25,Elementary,70,48512,6890,6002,5934,5343,5078,4498,594,592,83,83,195,179,624,422,588,568,6918
2019-20,never-NES-by-2024-25,High,17,21552,6588,5876,5699,5137,4366,3816,834,833,114,114,334,302,591,435,538,514,6699
2019-20,never-NES-by-2024-25,Middle,15,15402,6504,5653,5569,4950,4428,3794,759,758,78,78,239,228,569,405,777,763,6342
2019-20,never-NES-by-2024-25,Other/Combined,30,27409,6698,6053,3747,3338,5214,4736,453,452,72,72,162,152,795,600,432,395,6804
2019-20,pre-NES wave: NES 2023,ALL,28,17185,8229,7190,6772,6113,5664,4938,818,817,100,100,318,301,1315,975,1132,1109,7983
2019-20,pre-NES wave: NES 2024,ALL,45,33043,7367,6405,6290,5655,5153,4498,764,762,100,100,267,231,971,690,975,946,7360
2019-20,pre-NES wave: NES-A 2023,ALL,56,41736,7560,6502,6404,5701,5260,4533,793,770,102,102,283,253,1061,679,1016,992,7357
2020-21,NES-cohort-2024-25 (pre-NES year),ALL,129,84337,8263,7790,7055,6717,5829,5463,841,835,126,126,312,286,1078,715,1264,1235,8321
2020-21,NES-cohort-2024-25 (pre-NES year),Elementary,86,42976,8372,7890,7198,6873,6197,5803,750,747,106,106,264,248,1078,711,1065,1035,8342
2020-21,NES-cohort-2024-25 (pre-NES year),High,15,19196,8299,7792,7030,6650,5375,5034,986,969,192,192,431,368,950,579,1502,1473,8615
2020-21,NES-cohort-2024-25 (pre-NES year),Middle,21,15583,8196,7782,6948,6631,5672,5345,904,900,106,106,310,299,1209,874,1623,1590,8335
2020-21,NES-cohort-2024-25 (pre-NES year),Other/Combined,7,6582,7604,7147,6449,6099,5118,4776,863,862,118,118,289,272,1136,766,1026,1013,7601
2020-21,never-NES-by-2024-25,ALL,137,111521,7311,6988,5667,5466,5408,5179,646,644,104,104,235,219,758,561,665,640,7378
2020-21,never-NES-by-2024-25,ECC,8,2731,10036,9610,8148,7779,7493,7104,819,819,113,113,231,231,804,450,770,741,10434
2020-21,never-NES-by-2024-25,Elementary,70,44637,7510,7122,6507,6267,5617,5347,630,628,93,93,222,207,755,525,725,705,7414
2020-21,never-NES-by-2024-25,High,17,21984,6968,6696,5763,5597,4565,4411,813,813,157,157,320,297,661,515,584,560,6989
2020-21,never-NES-by-2024-25,Middle,15,15232,6906,6646,5743,5591,4905,4716,755,754,83,83,254,241,678,485,904,891,6791
2020-21,never-NES-by-2024-25,Other/Combined,27,26937,7212,6931,3904,3727,5824,5595,456,454,88,88,177,164,885,711,485,446,7567
2020-21,pre-NES wave: NES 2023,ALL,28,15885,8659,8179,7277,6954,5998,5625,891,889,124,124,336,318,1240,853,1403,1376,8501
2020-21,pre-NES wave: NES 2024,ALL,45,30241,8082,7658,6942,6640,5747,5421,815,811,124,124,291,262,987,680,1199,1166,8082
2020-21,pre-NES wave: NES-A 2023,ALL,56,38211,8241,7732,7052,6679,5823,5429,841,830,130,130,319,293,1082,686,1259,1231,8195
2021-22,NES-cohort-2024-25 (pre-NES year),ALL,129,82299,8834,7182,7130,6120,5969,4819,852,844,130,130,369,337,1147,699,1247,1215,8979
2021-22,NES-cohort-2024-25 (pre-NES year),Elementary,86,41390,8770,7052,7120,6068,6162,5013,752,745,116,116,255,230,1133,664,1106,1074,8888
2021-22,NES-cohort-2024-25 (pre-NES year),High,15,19584,8956,7495,7250,6279,5639,4566,976,965,169,169,638,576,1016,610,1375,1345,9309
2021-22,NES-cohort-2024-25 (pre-NES year),Middle,21,14708,9173,7383,7271,6257,6150,4854,962,959,124,124,339,320,1365,905,1553,1512,9495
2021-22,NES-cohort-2024-25 (pre-NES year),Other/Combined,7,6617,8125,6620,6523,5676,5341,4280,863,855,118,118,344,339,1139,726,1068,1057,7985
2021-22,never-NES-by-2024-25,ALL,135,110698,7713,6460,5838,4990,5553,4667,659,653,108,108,238,216,768,492,675,651,8011
2021-22,never-NES-by-2024-25,ECC,8,3043,8922,8121,7109,6652,6538,6078,711,705,103,103,164,164,871,484,932,905,8794
2021-22,never-NES-by-2024-25,Elementary,70,44026,7945,6463,6701,5705,5721,4719,641,636,105,105,216,189,800,460,753,730,8033
2021-22,never-NES-by-2024-25,High,17,21729,7603,6423,6100,5284,4890,4020,872,867,142,142,361,335,704,496,576,554,7593
2021-22,never-NES-by-2024-25,Middle,15,14237,7664,6253,6210,5256,5265,4222,798,793,104,104,259,240,757,490,912,895,7759
2021-22,never-NES-by-2024-25,Other/Combined,25,27663,7322,6409,3928,3304,5848,5167,443,435,88,88,174,158,762,542,480,446,7860
2021-22,pre-NES wave: NES 2023,ALL,28,15126,9438,7804,7408,6581,6340,5214,926,918,129,129,381,358,1391,854,1379,1357,9026
2021-22,pre-NES wave: NES 2024,ALL,45,29332,8669,6948,7082,5972,5881,4691,837,830,129,129,325,284,1056,647,1201,1166,8645
2021-22,pre-NES wave: NES-A 2023,ALL,56,37841,8721,7114,7056,6051,5890,4760,833,826,131,131,397,370,1120,678,1229,1197,9098
2022-23,NES-cohort-2024-25 (pre-NES year),ALL,129,79821,10125,7875,8127,6755,6917,5345,1012,961,124,124,403,368,1302,563,1483,1392,10478
2022-23,NES-cohort-2024-25 (pre-NES year),Elementary,86,40407,10002,7636,8007,6574,7046,5394,892,859,110,110,323,311,1214,525,1334,1250,10353
2022-23,NES-cohort-2024-25 (pre-NES year),High,15,19088,10267,8317,8355,7145,6736,5336,1166,1104,164,164,580,494,1151,493,1643,1554,10559
2022-23,NES-cohort-2024-25 (pre-NES year),Middle,21,13627,10879,8396,8628,7126,7232,5559,1182,1099,121,121,423,385,1763,786,1863,1734,11253
2022-23,NES-cohort-2024-25 (pre-NES year),Other/Combined,7,6699,8929,6994,7183,5978,6017,4643,950,888,105,104,339,315,1324,538,1159,1082,8506
2022-23,never-NES-by-2024-25,ALL,135,108680,8421,6995,6552,5605,6127,5138,740,729,104,103,265,249,841,441,822,768,8839
2022-23,never-NES-by-2024-25,ECC,8,3064,10720,8733,8287,6924,7945,6419,862,799,112,112,233,230,912,386,1086,1030,11077
2022-23,never-NES-by-2024-25,Elementary,70,44049,8851,7053,7368,6168,6419,5159,713,704,102,100,257,250,832,405,917,862,8934
2022-23,never-NES-by-2024-25,High,17,21674,7702,6599,6762,6009,5232,4502,940,928,124,124,324,287,786,432,681,620,8130
2022-23,never-NES-by-2024-25,Middle,15,13948,8615,7162,7005,6089,5920,4932,908,899,102,102,316,304,973,474,1089,1024,8380
2022-23,never-NES-by-2024-25,Other/Combined,25,25945,7915,6931,4543,3894,6275,5593,513,505,88,88,207,189,825,497,603,562,8613
2022-23,pre-NES wave: NES 2023,ALL,28,14447,11272,8479,8806,7160,7583,5571,1145,1079,126,125,479,439,1682,660,1700,1613,10712
2022-23,pre-NES wave: NES 2024,ALL,45,28440,9766,7724,7967,6686,6706,5322,985,944,122,122,355,322,1173,543,1410,1309,9913
2022-23,pre-NES wave: NES-A 2023,ALL,56,36934,9953,7755,7985,6649,6820,5275,980,927,125,125,410,375,1252,540,1455,1369,10480
2023-24,NES,ALL,28,13749,16958,13023,14974,11845,12450,9130,1878,1802,315,315,520,500,3155,134,2226,2129,16872
2023-24,NES,Elementary,19,8285,15729,11737,14054,10906,11688,8382,1741,1676,291,291,506,486,3098,107,1842,1744,16129
2023-24,NES,High,3,2202,18141,15034,15716,13119,12377,9692,2052,1976,365,365,647,622,2672,130,2977,2877,19729
2023-24,NES,Middle,5,2462,20262,15741,17439,13917,15005,11075,2207,2099,362,362,498,479,3778,259,2988,2889,21173
2023-24,NES,Other/Combined,1,800,16270,12442,14870,11693,12674,9349,1812,1720,290,290,389,377,3148,37,1791,1722,16270
2023-24,NES-aligned,ALL,56,34702,13718,10360,12043,9357,9772,6946,1514,1449,446,446,487,467,2883,325,1759,1653,14332
2023-24,NES-aligned,Elementary,36,15210,14285,10543,12531,9568,10337,7251,1627,1559,317,317,456,438,3098,294,1689,1611,14932
2023-24,NES-aligned,High,8,9675,12632,10052,11177,9009,8466,6280,1390,1331,654,654,589,562,2423,425,1787,1656,14215
2023-24,NES-aligned,Middle,8,5483,15213,11253,13185,10117,11331,7863,1631,1561,340,340,417,403,3317,257,2189,2052,15589
2023-24,NES-aligned,Other/Combined,4,4334,12262,9273,10816,8428,8734,6202,1246,1186,569,569,461,442,2607,294,1399,1286,13936
2023-24,non-NES,ALL,135,107142,8776,7464,6964,6454,6052,5160,944,937,284,284,249,238,777,408,944,844,8881
2023-24,non-NES,ECC,8,2960,10137,8616,8932,7824,7037,5836,1241,1237,252,252,195,195,939,396,1237,1237,9920
2023-24,non-NES,Elementary,70,43635,8948,7730,7686,7020,6130,5470,948,941,234,234,248,244,761,404,1084,944,8946
2023-24,non-NES,High,17,21755,8657,7883,7307,7001,5498,5001,1081,1079,513,513,325,298,694,405,782,717,8546
2023-24,non-NES,Middle,15,13780,8953,7758,7418,6881,6013,5287,1072,1057,214,214,278,268,933,447,1163,1099,8826
2023-24,non-NES,Other/Combined,25,25012,8323,6338,4921,4593,6304,4610,709,706,213,213,176,162,773,398,685,594,8727
2023-24,non-NES (joins NES 2024-25),ALL,45,27091,10388,8996,8599,7921,6667,5878,1266,1254,403,403,333,320,1125,553,1530,1406,10298
2023-24,non-NES (joins NES 2024-25),Elementary,31,15142,9865,8424,8231,7532,6619,5793,1144,1134,253,253,288,285,989,471,1383,1251,9887
2023-24,non-NES (joins NES 2024-25),High,4,6478,10206,9370,8553,8177,6015,5573,1306,1289,858,858,380,338,882,443,1328,1281,10529
2023-24,non-NES (joins NES 2024-25),Middle,8,4491,12232,10228,9741,8729,7669,6524,1566,1548,285,285,415,411,1976,1015,2282,2130,12152
2023-24,non-NES (joins NES 2024-25),Other/Combined,2,980,11215,9724,9357,8538,7145,6240,1519,1518,268,268,327,327,920,425,1689,1324,11210
2024-25,NES,ALL,129,69459,14288,12460,12184,11079,9921,8755,1751,1649,398,398,495,492,1628,448,2653,2614,14478
2024-25,NES,Elementary,86,36220,13747,11780,11736,10552,9708,8497,1697,1572,360,360,418,416,1784,520,2503,2485,14090
2024-25,NES,High,15,16507,14590,13285,12570,11798,9808,8951,1727,1664,511,511,653,646,1197,333,2459,2432,14467
2024-25,NES,Middle,21,11170,15770,13601,13096,11787,10856,9413,1967,1866,378,378,475,473,1830,417,3576,3522,17188
2024-25,NES,Other/Combined,7,5562,13935,12153,12116,10961,9767,8525,1739,1665,350,350,564,562,1484,388,2346,2171,14747
2024-25,non-NES,ALL,134,105714,9193,8437,7221,6897,6220,5884,1077,1070,368,368,271,258,780,485,1205,1149,9416
2024-25,non-NES,ECC,8,2806,10751,9940,9258,8788,7248,6840,1496,1481,351,351,234,234,1051,559,1646,1646,10421
2024-25,non-NES,Elementary,70,42858,9499,8569,8078,7680,6451,6070,1120,1112,284,284,257,251,793,476,1431,1361,9665
2024-25,non-NES,High,17,21389,9159,8570,7601,7298,5578,5302,1224,1217,686,686,396,358,693,425,932,860,8905
2024-25,non-NES,Middle,14,13674,9203,8478,7498,7216,6017,5717,1160,1147,303,303,279,279,775,479,1476,1443,9045
2024-25,non-NES,Other/Combined,25,24987,8517,7904,5046,4824,6371,6047,785,781,279,279,186,176,805,546,852,816,9037
