line,functions,FY2019 (audited),FY2020 (audited),FY2021 (audited),FY2022 (audited),FY2023 (audited),FY2024 (audited),FY2025 (audited),FY2026 (final amended budget (A26-2)),FY2027 (adopted budget (S27))
Instruction,11,970793048,996399361,1081410519,980058268,1037292731,1150954093,1261908377,1242265908,1148040067
School leadership,23,142326291,149489190,146408036,146733334,162215725,215392395,234320097,217307577,215400326
Instructional leadership,21,20820355,20983417,23904023,24155192,22530676,63063461,68430832,77074342,79557300
Plant maintenance & operations,51,195853168,192496074,211943777,218863332,227609507,235307348,215104150,181175146,196948263
Guidance & counseling,31,50299761,60053228,63467347,59348406,65086596,64717439,67564581,58785248,56597969
Transportation,34,59243844,53629143,46389028,51909647,52317948,57023753,52179127,52799353,50424755
General administration,41,41097974,32135554,32663797,37490457,41114014,53050919,51233688,51702667,52226155
Data processing,53,54951868,62025501,65812348,58213621,51198314,58440335,44249043,42125123,42549020
Security,52,22606971,24179218,27507090,30024646,31396069,32091167,30520778,33419485,35579566
Health,33,19312797,21317891,48100766,31234756,26671528,24201089,26031897,23173706,24494267
Extracurricular,36,15549148,16107773,14536297,16464559,21005560,25280790,25759045,23611966,22567751
Instructional staff development,13,29267000,29215532,33204034,31637515,29076351,25815707,14265492,12713049,10669615
Recapture (payments to the state),91,265231840,80843995,197810414,184470759,276396220,0,56900029,0,0
Payments into city tax-increment zones (TIRZ),97,58465450,61321789,61491720,65956709,72368633,75544048,56066884,54247082,44698594
"Other (social work, media, food service, community services, appraisal fees, debt, capital, juvenile justice AEP)",32+12+35+61+99+71+81+95,45386614,63406706,63850298,56296164,58720928,68332135,46430467,39007619,35253363
Total General Fund,all,1991206129,1863604372,2118499494,1992857365,2175000800,2149214679,2250964487,2109408271,2015007011
