campus_id,tea_campus_name,hisd_name_as_listed,nes_2023_24,nes_2024_25,nes_2025_26,source_2023_24,source_2024_25,source_2025_26,match_confidence,hisd_campus_nbr,hisd_nes_type,notes
101912106,Atherton El,Atherton ES (Atherton Elementary),NES,NES,NES,HISD_ArcGIS(NES 2023);HISD_PR_2024-01-23,HISD_PR_2024-01-23;HISD_ArcGIS,HISD_ArcGIS_2025-26;HISD_news_nine_2026-27,high,106,NES 2023,
101912109,Berry El,Berry ES (Berry Elementary),NES,NES,NES,HISD_ArcGIS(NES 2023);HISD_PR_2024-01-23,HISD_PR_2024-01-23;HISD_ArcGIS,HISD_ArcGIS_2025-26;HISD_news_nine_2026-27,high,109,NES 2023,
101912121,Bruce El,Bruce ES (Bruce Elementary),NES,NES,NES,HISD_ArcGIS(NES 2023);HISD_PR_2024-01-23,HISD_PR_2024-01-23;HISD_ArcGIS,HISD_ArcGIS_2025-26;HISD_news_nine_2026-27,high,121,NES 2023,
101912358,Cook Jr El,Cook ES (Cook JR ES),NES,NES,NES,HISD_ArcGIS(NES 2023);HISD_PR_2024-01-23,HISD_PR_2024-01-23;HISD_ArcGIS,HISD_ArcGIS_2025-26;HISD_news_nine_2026-27,high,358,NES 2023,
101912140,Dogan El,Dogan ES (Dogan Elementary),NES,NES,NES,HISD_ArcGIS(NES 2023);HISD_PR_2024-01-23,HISD_PR_2024-01-23;HISD_ArcGIS,HISD_ArcGIS_2025-26;HISD_news_nine_2026-27,high,140,NES 2023,
101912147,Eliot El,Eliot ES (Eliot Elementary),NES,NES,NES,HISD_ArcGIS(NES 2023);HISD_PR_2024-01-23,HISD_PR_2024-01-23;HISD_ArcGIS,HISD_ArcGIS_2025-26;HISD_news_nine_2026-27,high,147,NES 2023,
101912475,Elmore El,Elmore ES (Elmore Elementary School),NES,NES,NES,HISD_ArcGIS(NES 2023);HISD_PR_2024-01-23,HISD_PR_2024-01-23;HISD_ArcGIS,HISD_ArcGIS_2025-26;HISD_news_nine_2026-27,high,475,NES 2023,
101912078,Fleming Middle,Fleming MS (Fleming Middle School),NES,NES,NES,HISD_ArcGIS(NES 2023);HISD_PR_2024-01-23,HISD_PR_2024-01-23;HISD_ArcGIS,HISD_ArcGIS_2025-26;HISD_news_nine_2026-27,high,78,NES 2023,
101912476,Forest Brook Middle,Forest Brook MS (Forest Brook Middle School),NES,NES,NES,HISD_ArcGIS(NES 2023);HISD_PR_2024-01-23,HISD_PR_2024-01-23;HISD_ArcGIS,HISD_ArcGIS_2025-26;HISD_news_nine_2026-27,high,476,NES 2023,
101912172,Henderson N El,Henderson NQ ES (Henderson N Q Elementary),NES,NES,NES,HISD_ArcGIS(NES 2023);HISD_PR_2024-01-23,HISD_PR_2024-01-23;HISD_ArcGIS,HISD_ArcGIS_2025-26;HISD_news_nine_2026-27,high,172,NES 2023,
101912052,Henry Middle,Henry MS (Henry Middle School),NES,NES,NES,HISD_ArcGIS(NES 2023);HISD_PR_2024-01-23,HISD_PR_2024-01-23;HISD_ArcGIS,HISD_ArcGIS_2025-26;HISD_news_nine_2026-27,high,52,NES 2023,
101912174,Highland Hts El,Highland Heights ES (Highland Heights Elementary),NES,NES,NES,HISD_ArcGIS(NES 2023);HISD_PR_2024-01-23;LN_2023-07-12,HISD_PR_2024-01-23;HISD_ArcGIS,HISD_ArcGIS_2025-26;HISD_news_nine_2026-27,high,174,NES 2023,
101912473,Hilliard El,Hilliard ES (Hilliard EL),NES,NES,NES,HISD_ArcGIS(NES 2023);HISD_PR_2024-01-23,HISD_PR_2024-01-23;HISD_ArcGIS,HISD_ArcGIS_2025-26;HISD_news_nine_2026-27,high,473,NES 2023,
101912180,Isaacs El,Isaacs ES (Isaacs Elementary),NES,NES,NES,HISD_ArcGIS(NES 2023);HISD_PR_2024-01-23,HISD_PR_2024-01-23;HISD_ArcGIS,HISD_ArcGIS_2025-26;HISD_news_nine_2026-27,high,180,NES 2023,
101912185,Kashmere Gardens El,Kashmere Gardens ES (Kashmere Gardens Elementary),NES,NES,NES,HISD_ArcGIS(NES 2023);HISD_PR_2024-01-23,HISD_PR_2024-01-23;HISD_ArcGIS,HISD_ArcGIS_2025-26;HISD_news_nine_2026-27,high,185,NES 2023,
101912007,Kashmere H S,Kashmere HS (Kashmere High School),NES,NES,NES,HISD_ArcGIS(NES 2023);HISD_PR_2024-01-23,HISD_PR_2024-01-23;HISD_ArcGIS,HISD_ArcGIS_2025-26;HISD_news_nine_2026-27,high,7,NES 2023,
101912079,Key Middle,Key MS (Key Middle School),NES,NES,NES,HISD_ArcGIS(NES 2023);HISD_PR_2024-01-23,HISD_PR_2024-01-23;HISD_ArcGIS,HISD_ArcGIS_2025-26;HISD_news_nine_2026-27,high,79,NES 2023,
101912480,Marshall El,Marshall ES (Marshall Elementary),NES,NES,NES,HISD_ArcGIS(NES 2023);HISD_PR_2024-01-23,HISD_PR_2024-01-23;HISD_ArcGIS,HISD_ArcGIS_2025-26;HISD_news_nine_2026-27,high,480,NES 2023,
101912298,Martinez R El,Martinez R ES (Martinez R Elementary),NES,NES,NES,HISD_ArcGIS(NES 2023);HISD_PR_2024-01-23,HISD_PR_2024-01-23;HISD_ArcGIS,HISD_ArcGIS_2025-26;HISD_news_nine_2026-27,high,298,NES 2023,
101912179,Mcgowen El,McGowen ES (McGowen Elementary),NES,NES,NES,HISD_ArcGIS(NES 2023);HISD_PR_2024-01-23,HISD_PR_2024-01-23;HISD_ArcGIS,HISD_ArcGIS_2025-26;HISD_news_nine_2026-27,high,179,NES 2023,
101912062,Mcreynolds Middle,McReynolds MS (McReynolds Middle School),NES,NES,NES,HISD_ArcGIS(NES 2023);HISD_PR_2024-01-23,HISD_PR_2024-01-23;HISD_ArcGIS,HISD_ArcGIS_2025-26;HISD_news_nine_2026-27,high,62,NES 2023,
101912477,North Forest H S,North Forest HS (North Forest  High School),NES,NES,NES,HISD_ArcGIS(NES 2023);HISD_PR_2024-01-23,HISD_PR_2024-01-23;HISD_ArcGIS,HISD_ArcGIS_2025-26;HISD_news_nine_2026-27,high,477,NES 2023,
101912223,Pugh El,Pugh ES (Pugh Elementary),NES,NES,NES,HISD_ArcGIS(NES 2023);HISD_PR_2024-01-23,HISD_PR_2024-01-23;HISD_ArcGIS,HISD_ArcGIS_2025-26;HISD_news_nine_2026-27,high,223,NES 2023,
101912113,Roderick R Paige El,Paige ES (Paige Elementary),NES,NES,NES,HISD_ArcGIS(NES 2023);HISD_PR_2024-01-23,HISD_PR_2024-01-23;HISD_ArcGIS,HISD_ArcGIS_2025-26;HISD_news_nine_2026-27,high,113,NES 2023,
101912269,Scroggins El,Scroggins ES (Scroggins Elementary),NES,NES,NES,HISD_ArcGIS(NES 2023);HISD_PR_2024-01-23,HISD_PR_2024-01-23;HISD_ArcGIS,HISD_ArcGIS_2025-26;HISD_news_nine_2026-27,high,269,NES 2023,
101912479,Shadydale El,Shadydale ES (Shadydale Elementary),NES,NES,NES,HISD_ArcGIS(NES 2023);HISD_PR_2024-01-23,HISD_PR_2024-01-23;HISD_ArcGIS,HISD_ArcGIS_2025-26;HISD_news_nine_2026-27,high,479,NES 2023,
101912163,Sugar Grove Academy,Sugar Grove MS (Sugar Grove Academy),NES,NES,NES,HISD_ArcGIS(NES 2023);HISD_PR_2024-01-23,HISD_PR_2024-01-23;HISD_ArcGIS,HISD_ArcGIS_2025-26;HISD_news_nine_2026-27,high,163,NES 2023,
101912018,Wheatley H S,Wheatley HS (Wheatley High School),NES,NES,NES,HISD_ArcGIS(NES 2023);HISD_PR_2024-01-23,HISD_PR_2024-01-23;HISD_ArcGIS,HISD_ArcGIS_2025-26;HISD_news_nine_2026-27,high,18,NES 2023,
101912102,Alcott El,Alcott ES (Alcott Elementary),NES-aligned,NES,NES,HISD_ArcGIS(NES-A 2023);HL_2023-07-11;HISD_PR_2024-01-23,HISD_PR_2024-01-23;HISD_ArcGIS,HISD_ArcGIS_2025-26;HISD_news_nine_2026-27,high,102,NES-A 2023,"HISD says campus closes after 2025-26 (students to Mading/Pleasantville, which become NES 2026-27)"
101912273,Ashford El,Ashford ES (Ashford Elementary),NES-aligned,NES,NES,HISD_ArcGIS(NES-A 2023);HL_2023-07-11;HISD_PR_2024-01-23,HISD_PR_2024-01-23;HISD_ArcGIS,HISD_ArcGIS_2025-26;HISD_news_nine_2026-27,high,273,NES-A 2023,
101912295,Benavidez El,Benavidez ES (Benavidez Elementary),NES-aligned,NES,NES,HISD_ArcGIS(NES-A 2023);HL_2023-07-11;HISD_PR_2024-01-23,HISD_PR_2024-01-23;HISD_ArcGIS,HISD_ArcGIS_2025-26;HISD_news_nine_2026-27,high,295,NES-A 2023,
101912110,Blackshear El,Blackshear ES (Blackshear Elementary),NES-aligned,NES,NES,HISD_ArcGIS(NES-A 2023);HL_2023-07-11;HISD_PR_2024-01-23,HISD_PR_2024-01-23;HISD_ArcGIS,HISD_ArcGIS_2025-26;HISD_news_nine_2026-27,high,110,NES-A 2023,
101912111,Bonham El,Bonham ES (Bonham Elementary),NES-aligned,NES,NES,HISD_ArcGIS(NES-A 2023);HL_2023-07-11;HISD_PR_2024-01-23,HISD_PR_2024-01-23;HISD_ArcGIS,HISD_ArcGIS_2025-26;HISD_news_nine_2026-27,high,111,NES-A 2023,
101912112,Bonner El,Bonner ES (Bonner Elementary),NES-aligned,NES,NES,HISD_ArcGIS(NES-A 2023);HL_2023-07-11;HISD_PR_2024-01-23,HISD_PR_2024-01-23;HISD_ArcGIS,HISD_ArcGIS_2025-26;HISD_news_nine_2026-27,high,112,NES-A 2023,
101912119,Brookline El,Brookline ES (Brookline Elementary),NES-aligned,NES,NES,HISD_ArcGIS(NES-A 2023);HL_2023-07-11;HISD_PR_2024-01-23,HISD_PR_2024-01-23;HISD_ArcGIS,HISD_ArcGIS_2025-26;HISD_news_nine_2026-27,high,119,NES-A 2023,
101912125,Burrus El,Burrus ES (Burrus Elementary),NES-aligned,NES,NES,HISD_ArcGIS(NES-A 2023);HL_2023-07-11;HISD_PR_2024-01-23,HISD_PR_2024-01-23;HISD_ArcGIS,HISD_ArcGIS_2025-26;HISD_news_nine_2026-27,high,125,NES-A 2023,
101912287,Cage El,Cage ES (Cage Elementary),NES-aligned,NES,NES,HISD_ArcGIS(NES-A 2023);HL_2023-07-11;HISD_PR_2024-01-23,HISD_PR_2024-01-23;HISD_ArcGIS,HISD_ArcGIS_2025-26;HISD_news_nine_2026-27,high,287,NES-A 2023,
101912132,Coop El,Coop ES (Coop Elementary),NES-aligned,NES,NES,HISD_ArcGIS(NES-A 2023);HL_2023-07-11;HISD_PR_2024-01-23,HISD_PR_2024-01-23;HISD_ArcGIS,HISD_ArcGIS_2025-26;HISD_news_nine_2026-27,high,132,NES-A 2023,
101912044,Cullen Middle,Cullen MS (Cullen Middle School),NES-aligned,NES,NES,HISD_ArcGIS(NES-A 2023);HL_2023-07-11;HISD_PR_2024-01-23,HISD_PR_2024-01-23;HISD_ArcGIS,HISD_ArcGIS_2025-26;HISD_news_nine_2026-27,high,44,NES-A 2023,
101912138,De ZavalaEl,DeZavala ES (De Zavala Elementary),NES-aligned,NES,NES,HISD_ArcGIS(NES-A 2023);HL_2023-07-11;HISD_PR_2024-01-23,HISD_PR_2024-01-23;HISD_ArcGIS,HISD_ArcGIS_2025-26;HISD_news_nine_2026-27,high,138,NES-A 2023,
101912144,Durkee El,Durkee ES (Durkee Elementary),NES-aligned,NES,NES,HISD_ArcGIS(NES-A 2023);HL_2023-07-11;HISD_PR_2024-01-23,HISD_PR_2024-01-23;HISD_ArcGIS,HISD_ArcGIS_2025-26;HISD_news_nine_2026-27,high,144,NES-A 2023,
101912046,Edison Middle,Edison MS (Edison Middle School),NES-aligned,NES,NES,HISD_ArcGIS(NES-A 2023);HL_2023-07-11;HISD_PR_2024-01-23,HISD_PR_2024-01-23;HISD_ArcGIS,HISD_ArcGIS_2025-26;HISD_news_nine_2026-27,high,46,NES-A 2023,
101912072,Fondren Middle,Fondren MS (Fondren Middle School),NES-aligned,NES,NES,HISD_ArcGIS(NES-A 2023);HL_2023-07-11;HISD_PR_2024-01-23,HISD_PR_2024-01-23;HISD_ArcGIS,HISD_ArcGIS_2025-26;HISD_news_nine_2026-27,high,72,NES-A 2023,
101912155,Franklin El,Franklin ES (Franklin Elementary),NES-aligned,NES,NES,HISD_ArcGIS(NES-A 2023);HL_2023-07-11;HISD_PR_2024-01-23,HISD_PR_2024-01-23;HISD_ArcGIS,HISD_ArcGIS_2025-26;HISD_news_nine_2026-27,high,155,NES-A 2023,
101912004,Furr H S,Furr HS (Furr High School),NES-aligned,NES,NES,HISD_ArcGIS(NES-A 2023);HL_2023-07-11;HISD_PR_2024-01-23,HISD_PR_2024-01-23;HISD_ArcGIS,HISD_ArcGIS_2025-26;HISD_news_nine_2026-27,high,4,NES-A 2023,
101912291,GallegosEl,Gallegos ES (Gallegos Elementary),NES-aligned,NES,NES,HISD_ArcGIS(NES-A 2023);HL_2023-07-11;HISD_PR_2024-01-23,HISD_PR_2024-01-23;HISD_ArcGIS,HISD_ArcGIS_2025-26;HISD_news_nine_2026-27,high,291,NES-A 2023,
101912162,Gregg El,Gregg ES (Gregg Elementary),NES-aligned,NES,NES,HISD_ArcGIS(NES-A 2023);HL_2023-07-11;HISD_PR_2024-01-23,HISD_PR_2024-01-23;HISD_ArcGIS,HISD_ArcGIS_2025-26;HISD_news_nine_2026-27,high,162,NES-A 2023,
101912166,Harris J R El,Harris JR ES (Harris J R Elementary),NES-aligned,NES,NES,HISD_ArcGIS(NES-A 2023);HL_2023-07-11;HISD_PR_2024-01-23,HISD_PR_2024-01-23;HISD_ArcGIS,HISD_ArcGIS_2025-26;HISD_news_nine_2026-27,high,166,NES-A 2023,
101912167,Harris R P El,Harris RP ES (Harris R P Elementary),NES-aligned,NES,NES,HISD_ArcGIS(NES-A 2023);HL_2023-07-11;HISD_PR_2024-01-23,HISD_PR_2024-01-23;HISD_ArcGIS,HISD_ArcGIS_2025-26;HISD_news_nine_2026-27,high,167,NES-A 2023,
101912051,Hartman Middle,Hartman MS (Hartman Middle School),NES-aligned,NES,NES,HISD_ArcGIS(NES-A 2023);HL_2023-07-11;HISD_PR_2024-01-23,HISD_PR_2024-01-23;HISD_ArcGIS,HISD_ArcGIS_2025-26;HISD_news_nine_2026-27,high,51,NES-A 2023,
101912168,Hartsfield El,Hartsfield ES (Hartsfield Elementary),NES-aligned,NES,NES,HISD_ArcGIS(NES-A 2023);HL_2023-07-11;HISD_PR_2024-01-23,HISD_PR_2024-01-23;HISD_ArcGIS,HISD_ArcGIS_2025-26;HISD_news_nine_2026-27,high,168,NES-A 2023,"name missing from pdftotext of HISD 01-23-24 ""Current NES Schools"" grid (blank cell in alphabetical slot); listed by Houston Landing 57 and ArcGIS NES-A 2023"
101912175,Hobby El,Hobby ES (Hobby Elementary),NES-aligned,NES,NES,HISD_ArcGIS(NES-A 2023);HL_2023-07-11;HISD_PR_2024-01-23,HISD_PR_2024-01-23;HISD_ArcGIS,HISD_ArcGIS_2025-26;HISD_news_nine_2026-27,high,175,NES-A 2023,
101912050,HollandMiddle,Holland MS (Holland Middle School),NES-aligned,NES,NES,HISD_ArcGIS(NES-A 2023);HL_2023-07-11;HISD_PR_2024-01-23,HISD_PR_2024-01-23;HISD_ArcGIS,HISD_ArcGIS_2025-26;HISD_news_nine_2026-27,high,50,NES-A 2023,
101912310,Houston Math Science And Technolog,Houston MSTC HS (Houston MSTC),NES-aligned,NES,NES,HISD_ArcGIS(NES-A 2023);HL_2023-07-11;HISD_PR_2024-01-23,HISD_PR_2024-01-23;HISD_ArcGIS,HISD_ArcGIS_2025-26;HISD_news_nine_2026-27,high,310,NES-A 2023,"hisd_campus_actuals.csv labels 101912310 as ""Horn El"" (mislabel); TEA PEIMS actual 2024-25 PDF names it ""Houston Math Science And Technolog""; ID confirmed by HISD campus no. 310 + membership"
101912188,Kennedy El,Kennedy ES (Kennedy Elementary),NES-aligned,NES,NES,HISD_ArcGIS(NES-A 2023);HL_2023-07-11;HISD_PR_2024-01-23,HISD_PR_2024-01-23;HISD_ArcGIS,HISD_ArcGIS_2025-26;HISD_news_nine_2026-27,high,188,NES-A 2023,
101912340,Las Americas,Las Americas MS (Las Americas),NES-aligned,NES,NES,HISD_ArcGIS(NES-A 2023);HL_2023-07-11;HISD_PR_2024-01-23,HISD_PR_2024-01-23;HISD_ArcGIS,HISD_ArcGIS_2025-26;HISD_news_nine_2026-27,high,340,NES-A 2023,
101912075,Lawson Middle,Lawson MS (Lawson Middle School),NES-aligned,NES,NES,HISD_ArcGIS(NES-A 2023);HL_2023-07-11;HISD_PR_2024-01-23,HISD_PR_2024-01-23;HISD_ArcGIS,HISD_ArcGIS_2025-26;HISD_news_nine_2026-27,high,75,NES-A 2023,
101912194,Lewis El,Lewis ES (Lewis Elementary),NES-aligned,NES,NES,HISD_ArcGIS(NES-A 2023);HL_2023-07-11;HISD_PR_2024-01-23,HISD_PR_2024-01-23;HISD_ArcGIS,HISD_ArcGIS_2025-26;HISD_news_nine_2026-27,high,194,NES-A 2023,
101912195,Lockhart El,Lockhart ES (Lockhart Elementary),NES-aligned,NES,NES,HISD_ArcGIS(NES-A 2023);HL_2023-07-11;HISD_PR_2024-01-23,HISD_PR_2024-01-23;HISD_ArcGIS,HISD_ArcGIS_2025-26;HISD_news_nine_2026-27,high,195,NES-A 2023,
101912059,Long Academy,Long Acad (Long Academy),NES-aligned,NES,NES,HISD_ArcGIS(NES-A 2023);HL_2023-07-11;HISD_PR_2024-01-23,HISD_PR_2024-01-23;HISD_ArcGIS,HISD_ArcGIS_2025-26;HISD_news_nine_2026-27,high,59,NES-A 2023,
101912197,Looscan El,Looscan ES (Looscan Elementary),NES-aligned,NES,NES,HISD_ArcGIS(NES-A 2023);HL_2023-07-11;HISD_PR_2024-01-23,HISD_PR_2024-01-23;HISD_ArcGIS,HISD_ArcGIS_2025-26;HISD_news_nine_2026-27,high,197,NES-A 2023,
101912010,Madison H S,Madison HS (Madison High School),NES-aligned,NES,NES,HISD_ArcGIS(NES-A 2023);HL_2023-07-11;HISD_PR_2024-01-23,HISD_PR_2024-01-23;HISD_ArcGIS,HISD_ArcGIS_2025-26;HISD_news_nine_2026-27,high,10,NES-A 2023,
101912210,Northline El,Northline ES (Northline Elementary),NES-aligned,NES,NES,HISD_ArcGIS(NES-A 2023);HL_2023-07-11;HISD_PR_2024-01-23,HISD_PR_2024-01-23;HISD_ArcGIS,HISD_ArcGIS_2025-26;HISD_news_nine_2026-27,high,210,NES-A 2023,
101912212,Oates El,Oates ES (Oates Elementary),NES-aligned,NES,NES,HISD_ArcGIS(NES-A 2023);HL_2023-07-11;HISD_PR_2024-01-23,HISD_PR_2024-01-23;HISD_ArcGIS,HISD_ArcGIS_2025-26;HISD_news_nine_2026-27,high,212,NES-A 2023,
101912213,Osborne El,Osborne ES (Osborne Elementary),NES-aligned,NES,NES,HISD_ArcGIS(NES-A 2023);HL_2023-07-11;HISD_PR_2024-01-23,HISD_PR_2024-01-23;HISD_ArcGIS,HISD_ArcGIS_2025-26;HISD_news_nine_2026-27,high,213,NES-A 2023,
101912222,Port Houston El,Port Houston ES (Port Houston Elementary),NES-aligned,NES,NES,HISD_ArcGIS(NES-A 2023);HL_2023-07-11;HISD_PR_2024-01-23,HISD_PR_2024-01-23;HISD_ArcGIS,HISD_ArcGIS_2025-26;HISD_news_nine_2026-27,high,222,NES-A 2023,"HISD says campus closes after 2025-26 (students to Mading/Pleasantville, which become NES 2026-27)"
101912071,Project Chrysalis Middle,Chrysalis MS (Project Chrysalis MS),NES-aligned,NES,NES,HISD_ArcGIS(NES-A 2023);HL_2023-07-11;HISD_PR_2024-01-23,HISD_PR_2024-01-23;HISD_ArcGIS,HISD_ArcGIS_2025-26;HISD_news_nine_2026-27,high,71,NES-A 2023,
101912382,Reagan K-8 Educational Ctr,Reagan Ed Ctr K-8 (Reagan K-8 Ed Center),NES-aligned,NES,NES,HISD_ArcGIS(NES-A 2023);HL_2023-07-11;HISD_PR_2024-01-23,HISD_PR_2024-01-23;HISD_ArcGIS,HISD_ArcGIS_2025-26;HISD_news_nine_2026-27,high,382,NES-A 2023,
101912060,Revere Middle,Revere MS (Revere Middle School),NES-aligned,NES,NES,HISD_ArcGIS(NES-A 2023);HL_2023-07-11;HISD_PR_2024-01-23,HISD_PR_2024-01-23;HISD_ArcGIS,HISD_ArcGIS_2025-26;HISD_news_nine_2026-27,high,60,NES-A 2023,
101912186,Robinson El,Robinson ES (Robinson Elementary),NES-aligned,NES,NES,HISD_ArcGIS(NES-A 2023);HL_2023-07-11;HISD_PR_2024-01-23,HISD_PR_2024-01-23;HISD_ArcGIS,HISD_ArcGIS_2025-26;HISD_news_nine_2026-27,high,186,NES-A 2023,
101912233,Rucker El,Rucker ES (Rucker Elementary),NES-aligned,NES,NES,HISD_ArcGIS(NES-A 2023);HL_2023-07-11;HISD_PR_2024-01-23,HISD_PR_2024-01-23;HISD_ArcGIS,HISD_ArcGIS_2025-26;HISD_news_nine_2026-27,high,233,NES-A 2023,
101912024,Scarborough H S,Scarborough HS (Scarborough High School),NES-aligned,NES,NES,HISD_ArcGIS(NES-A 2023);HL_2023-07-11;HISD_PR_2024-01-23,HISD_PR_2024-01-23;HISD_ArcGIS,HISD_ArcGIS_2025-26;HISD_news_nine_2026-27,high,24,NES-A 2023,
101912373,Seguin El,Seguin ES (Seguin Elementary School),NES-aligned,NES,NES,HISD_ArcGIS(NES-A 2023);HL_2023-07-11;HISD_PR_2024-01-23,HISD_PR_2024-01-23;HISD_ArcGIS,HISD_ArcGIS_2025-26;HISD_news_nine_2026-27,high,373,NES-A 2023,
101912242,Smith El,Smith ES (Smith Elementary),NES-aligned,NES,NES,HISD_ArcGIS(NES-A 2023);HL_2023-07-11;HISD_PR_2024-01-23,HISD_PR_2024-01-23;HISD_ArcGIS,HISD_ArcGIS_2025-26;HISD_news_nine_2026-27,high,242,NES-A 2023,
101912014,Sterling H S,Sterling HS (Sterling High School),NES-aligned,NES,NES,HISD_ArcGIS(NES-A 2023);HL_2023-07-11;HISD_PR_2024-01-23,HISD_PR_2024-01-23;HISD_ArcGIS,HISD_ArcGIS_2025-26;HISD_news_nine_2026-27,high,14,NES-A 2023,
101912243,ThompsonEl,Thompson ES (Thompson Elementary),NES-aligned,NES,NES,HISD_ArcGIS(NES-A 2023);HL_2023-07-11;HISD_PR_2024-01-23,HISD_PR_2024-01-23;HISD_ArcGIS,HISD_ArcGIS_2025-26;HISD_news_nine_2026-27,high,243,NES-A 2023,
101912252,Wainwright El,Wainwright ES (Wainwright Elementary),NES-aligned,NES,NES,HISD_ArcGIS(NES-A 2023);HL_2023-07-11;HISD_PR_2024-01-23,HISD_PR_2024-01-23;HISD_ArcGIS,HISD_ArcGIS_2025-26;HISD_news_nine_2026-27,high,252,NES-A 2023,
101912016,Washington B T H S,Washington HS (Washington BT High School),NES-aligned,NES,NES,HISD_ArcGIS(NES-A 2023);HL_2023-07-11;HISD_PR_2024-01-23,HISD_PR_2024-01-23;HISD_ArcGIS,HISD_ArcGIS_2025-26;HISD_news_nine_2026-27,high,16,NES-A 2023,
101912257,Whidby El,Whidby ES (Whidby Elementary),NES-aligned,NES,NES,HISD_ArcGIS(NES-A 2023);HL_2023-07-11;HISD_PR_2024-01-23,HISD_PR_2024-01-23;HISD_ArcGIS,HISD_ArcGIS_2025-26;HISD_news_nine_2026-27,high,257,NES-A 2023,
101912258,Whittier El,Whittier ES (Whittier Elementary),NES-aligned,NES,NES,HISD_ArcGIS(NES-A 2023);HL_2023-07-11;HISD_PR_2024-01-23,HISD_PR_2024-01-23;HISD_ArcGIS,HISD_ArcGIS_2025-26;HISD_news_nine_2026-27,high,258,NES-A 2023,
101912082,Williams Middle,Williams MS (Williams Middle School),NES-aligned,NES,NES,HISD_ArcGIS(NES-A 2023);HL_2023-07-11;HISD_PR_2024-01-23,HISD_PR_2024-01-23;HISD_ArcGIS,HISD_ArcGIS_2025-26;HISD_news_nine_2026-27,high,82,NES-A 2023,
101912009,Wisdom H S,Wisdom HS (Wisdom High School),NES-aligned,NES,NES,HISD_ArcGIS(NES-A 2023);HL_2023-07-11;HISD_PR_2024-01-23,HISD_PR_2024-01-23;HISD_ArcGIS,HISD_ArcGIS_2025-26;HISD_news_nine_2026-27,high,9,NES-A 2023,
101912019,Worthing H S,Worthing HS (Worthing High School),NES-aligned,NES,NES,HISD_ArcGIS(NES-A 2023);HL_2023-07-11;HISD_PR_2024-01-23,HISD_PR_2024-01-23;HISD_ArcGIS,HISD_ArcGIS_2025-26;HISD_news_nine_2026-27,high,19,NES-A 2023,
101912020,Yates H S,Yates HS (Yates High School),NES-aligned,NES,NES,HISD_ArcGIS(NES-A 2023);HL_2023-07-11;HISD_PR_2024-01-23,HISD_PR_2024-01-23;HISD_ArcGIS,HISD_ArcGIS_2025-26;HISD_news_nine_2026-27,high,20,NES-A 2023,
101912247,Young El,Young ES (Young Elementary),NES-aligned,NES,NES,HISD_ArcGIS(NES-A 2023);HL_2023-07-11;HISD_PR_2024-01-23,HISD_PR_2024-01-23;HISD_ArcGIS,HISD_ArcGIS_2025-26;HISD_news_nine_2026-27,high,247,NES-A 2023,
101912104,Almeda El,Almeda ES (Almeda Elementary),,NES,NES,,HISD_PR_2024-01-23;HISD_ArcGIS(NES 2024),HISD_ArcGIS_2025-26;HISD_news_nine_2026-27,high,104,NES 2024,"2024-25 mandatory joiner (low D/F, announced 2024-01-23)"
101912105,Anderson El,Anderson ES (Anderson Elementary),,NES,NES,,HISD_PR_2024-01-23;HISD_ArcGIS(NES 2024),HISD_ArcGIS_2025-26;HISD_news_nine_2026-27,high,105,NES 2024,"2024-25 mandatory joiner (low D/F, announced 2024-01-23)"
101912274,AskewEl,Askew ES (Askew Elementary),,NES,NES,,HISD_PR_2024-01-23;HISD_ArcGIS(NES 2024),HISD_ArcGIS_2025-26;HISD_news_nine_2026-27,high,274,NES 2024,"2024-25 mandatory joiner (low D/F, announced 2024-01-23)"
101912001,Austin H S,Austin HS (Austin High School),,NES,NES,,FOX26_2024-02-09;C2H_2024-02-09;HPM_2024-02-09;HISD_ArcGIS(NES 2024),HISD_ArcGIS_2025-26;HISD_news_nine_2026-27,high,1,NES 2024,2024-25 high-D opt-in (announced 2024-02-09)
101912151,Bell El,Bell ES (Bell Elementary),,NES,NES,,FOX26_2024-02-09;C2H_2024-02-09;HPM_2024-02-09;HISD_ArcGIS(NES 2024),HISD_ArcGIS_2025-26;HISD_news_nine_2026-27,high,151,NES 2024,2024-25 high-D opt-in (announced 2024-02-09)
101912120,Browning El,Browning ES (Browning Elementary),,NES,NES,,HISD_PR_2024-01-23;HISD_ArcGIS(NES 2024),HISD_ArcGIS_2025-26;HISD_news_nine_2026-27,high,120,NES 2024,"2024-25 mandatory joiner (low D/F, announced 2024-01-23)"
101912048,Clifton Middle,Clifton MS (Clifton Middle School),,NES,NES,,HISD_PR_2024-01-23;HISD_ArcGIS(NES 2024),HISD_ArcGIS_2025-26;HISD_news_nine_2026-27,high,48,NES 2024,"2024-25 mandatory joiner (low D/F, announced 2024-01-23)"
101912123,CodwellEl,Codwell ES (Codwell Elementary),,NES,NES,,HISD_PR_2024-01-23;HISD_ArcGIS(NES 2024),HISD_ArcGIS_2025-26;HISD_news_nine_2026-27,high,123,NES 2024,"2024-25 mandatory joiner (low D/F, announced 2024-01-23)"
101912135,Crockett El,Crockett ES (Crockett Elementary),,NES,NES,,HISD_PR_2024-01-23;HISD_ArcGIS(NES 2024),HISD_ArcGIS_2025-26;HISD_news_nine_2026-27,high,135,NES 2024,"2024-25 mandatory joiner (low D/F, announced 2024-01-23)"
101912045,Deady Middle,Deady MS (Deady Middle School),,NES,NES,,FOX26_2024-02-09;C2H_2024-02-09;HPM_2024-02-09;HISD_ArcGIS(NES 2024),HISD_ArcGIS_2025-26;HISD_news_nine_2026-27,high,45,NES 2024,2024-25 high-D opt-in (announced 2024-02-09)
101912271,Foerster El,Foerster ES (Foerster Elementary),,NES,NES,,FOX26_2024-02-09;C2H_2024-02-09;HPM_2024-02-09;HISD_ArcGIS(NES 2024),HISD_ArcGIS_2025-26;HISD_news_nine_2026-27,high,271,NES 2024,2024-25 high-D opt-in (announced 2024-02-09)
101912047,FonvilleMiddle,Fonville MS (Fonville Middle School),,NES,NES,,HISD_PR_2024-01-23;HISD_ArcGIS(NES 2024),HISD_ArcGIS_2025-26;HISD_news_nine_2026-27,high,47,NES 2024,"2024-25 mandatory joiner (low D/F, announced 2024-01-23)"
101912156,Frost El,Frost ES (Frost Elementary),,NES,NES,,FOX26_2024-02-09;C2H_2024-02-09;HPM_2024-02-09;HISD_ArcGIS(NES 2024),HISD_ArcGIS_2025-26;HISD_news_nine_2026-27,high,156,NES 2024,2024-25 high-D opt-in (announced 2024-02-09)
101912159,Golfcrest El,Golfcrest ES (Golfcrest Elementary),,NES,NES,,HISD_PR_2024-01-23;HISD_ArcGIS(NES 2024),HISD_ArcGIS_2025-26;HISD_news_nine_2026-27,high,159,NES 2024,"2024-25 mandatory joiner (low D/F, announced 2024-01-23)"
101912058,Gregory-Lincoln Ed Ctr,Gregory-Lincoln PK-8 (Gregory-Lincoln Ed Ctr),,NES,NES,,HISD_PR_2024-01-23;HISD_ArcGIS(NES 2024),HISD_ArcGIS_2025-26;HISD_news_nine_2026-27,high,58,NES 2024,"2024-25 mandatory joiner (low D/F, announced 2024-01-23)"
101912262,Grissom El,Grissom ES (Grissom Elementary),,NES,NES,,HISD_PR_2024-01-23;HISD_ArcGIS(NES 2024),HISD_ArcGIS_2025-26;HISD_news_nine_2026-27,high,262,NES 2024,"2024-25 mandatory joiner (low D/F, announced 2024-01-23)"
101912369,Gross El,Gross ES (Gross Elementary),,NES,NES,,FOX26_2024-02-09;C2H_2024-02-09;HPM_2024-02-09;HISD_ArcGIS(NES 2024),HISD_ArcGIS_2025-26;HISD_news_nine_2026-27,high,369,NES 2024,2024-25 high-D opt-in (announced 2024-02-09)
101912182,Jefferson El,Jefferson ES (Jefferson Elementary),,NES,NES,,FOX26_2024-02-09;C2H_2024-02-09;HPM_2024-02-09;HISD_ArcGIS(NES 2024),HISD_ArcGIS_2025-26;HISD_news_nine_2026-27,high,182,NES 2024,2024-25 high-D opt-in (announced 2024-02-09)
101912187,Kelso El,Kelso ES (Kelso Elementary),,NES,NES,,HISD_PR_2024-01-23;HISD_ArcGIS(NES 2024),HISD_ArcGIS_2025-26;HISD_news_nine_2026-27,high,187,NES 2024,"2024-25 mandatory joiner (low D/F, announced 2024-01-23)"
101912389,Ketelsen El,Ketelsen ES (Ketelsen Elementary School),,NES,NES,,FOX26_2024-02-09;C2H_2024-02-09;HPM_2024-02-09;HISD_ArcGIS(NES 2024),HISD_ArcGIS_2025-26;HISD_news_nine_2026-27,high,389,NES 2024,2024-25 high-D opt-in (announced 2024-02-09)
101912196,Longfellow El,Longfellow ES (Longfellow Elementary),,NES,NES,,HISD_PR_2024-01-23;HISD_ArcGIS(NES 2024),HISD_ArcGIS_2025-26;HISD_news_nine_2026-27,high,196,NES 2024,"2024-25 mandatory joiner (low D/F, announced 2024-01-23)"
101912061,Marshall Middle,Marshall MS (Marshall Middle School),,NES,NES,,FOX26_2024-02-09;C2H_2024-02-09;HPM_2024-02-09;HISD_ArcGIS(NES 2024),HISD_ArcGIS_2025-26;HISD_news_nine_2026-27,high,61,NES 2024,2024-25 high-D opt-in (announced 2024-02-09)
101912299,Milne El,Milne ES (Milne Elementary),,NES,NES,,HISD_PR_2024-01-23;HISD_ArcGIS(NES 2024),HISD_ArcGIS_2025-26;HISD_news_nine_2026-27,high,299,NES 2024,"2024-25 mandatory joiner (low D/F, announced 2024-01-23)"
101912264,Mitchell El,Mitchell ES (Mitchell Elementary),,NES,NES,,HISD_PR_2024-01-23;HISD_ArcGIS(NES 2024),HISD_ArcGIS_2025-26;HISD_news_nine_2026-27,high,264,NES 2024,"2024-25 mandatory joiner (low D/F, announced 2024-01-23)"
101912207,Montgomery El,Montgomery ES (Montgomery Elementary),,NES,NES,,FOX26_2024-02-09;C2H_2024-02-09;HPM_2024-02-09;HISD_ArcGIS(NES 2024),HISD_ArcGIS_2025-26;HISD_news_nine_2026-27,high,207,NES 2024,2024-25 high-D opt-in (announced 2024-02-09)
101912054,Navarro Middle,Navarro MS (Navarro Middle School),,NES,NES,,FOX26_2024-02-09;C2H_2024-02-09;HPM_2024-02-09;HISD_ArcGIS(NES 2024),HISD_ArcGIS_2025-26;HISD_news_nine_2026-27,high,54,NES 2024,2024-25 high-D opt-in (announced 2024-02-09)
101912394,Neff El,Neff ES (Neff Elementary School),,NES,NES,,FOX26_2024-02-09;C2H_2024-02-09;HPM_2024-02-09;HISD_ArcGIS(NES 2024),HISD_ArcGIS_2025-26;HISD_news_nine_2026-27,high,394,NES 2024,2024-25 high-D opt-in (announced 2024-02-09)
101912003,Northside H S,Northside HS (Northside High School),,NES,NES,,HISD_PR_2024-01-23;HISD_ArcGIS(NES 2024),HISD_ArcGIS_2025-26;HISD_news_nine_2026-27,high,3,NES 2024,"2024-25 mandatory joiner (low D/F, announced 2024-01-23)"
101912338,Ortiz Middle,Ortiz MS (Ortiz Middle School),,NES,NES,,HISD_PR_2024-01-23;HISD_ArcGIS(NES 2024),HISD_ArcGIS_2025-26;HISD_news_nine_2026-27,high,338,NES 2024,"2024-25 mandatory joiner (low D/F, announced 2024-01-23)"
101912217,Peck El,Peck ES (Peck Elementary),,NES,NES,,HISD_PR_2024-01-23;HISD_ArcGIS(NES 2024),HISD_ArcGIS_2025-26;HISD_news_nine_2026-27,high,217,NES 2024,"2024-25 mandatory joiner (low D/F, announced 2024-01-23)"
101912265,Petersen El,Petersen ES (Petersen Elementary),,NES,NES,,FOX26_2024-02-09;C2H_2024-02-09;HPM_2024-02-09;HISD_ArcGIS(NES 2024),HISD_ArcGIS_2025-26;HISD_news_nine_2026-27,high,265,NES 2024,2024-25 high-D opt-in (announced 2024-02-09)
101912225,Reynolds El,Reynolds ES (Reynolds Elementary),,NES,NES,,FOX26_2024-02-09;C2H_2024-02-09;HPM_2024-02-09;HISD_ArcGIS(NES 2024),HISD_ArcGIS_2025-26;HISD_news_nine_2026-27,high,225,NES 2024,2024-25 high-D opt-in (announced 2024-02-09)
101912232,RossEl,Ross ES (Ross Elementary),,NES,NES,,FOX26_2024-02-09;C2H_2024-02-09;HPM_2024-02-09;HISD_ArcGIS(NES 2024),HISD_ArcGIS_2025-26;HISD_news_nine_2026-27,high,232,NES 2024,2024-25 high-D opt-in (announced 2024-02-09)
101912281,Sanchez El,Sanchez ES (Sanchez Elementary),,NES,NES,,FOX26_2024-02-09;C2H_2024-02-09;HPM_2024-02-09;HISD_ArcGIS(NES 2024),HISD_ArcGIS_2025-26;HISD_news_nine_2026-27,high,281,NES 2024,2024-25 high-D opt-in (announced 2024-02-09)
101912023,Sharpstown H S,Sharpstown HS (Sharpstown High School),,NES,NES,,HISD_PR_2024-01-23;HISD_ArcGIS(NES 2024),HISD_ArcGIS_2025-26;HISD_news_nine_2026-27,high,23,NES 2024,"2024-25 mandatory joiner (low D/F, announced 2024-01-23)"
101912244,Southmayd El,Southmayd ES (Southmayd Elementary),,NES,NES,,FOX26_2024-02-09;C2H_2024-02-09;HPM_2024-02-09;HISD_ArcGIS(NES 2024),HISD_ArcGIS_2025-26;HISD_news_nine_2026-27,high,244,NES 2024,2024-25 high-D opt-in (announced 2024-02-09)
101912245,StevensEl,Stevens ES (Stevens Elementary),,NES,NES,,HISD_PR_2024-01-23;HISD_ArcGIS(NES 2024),HISD_ArcGIS_2025-26;HISD_news_nine_2026-27,high,245,NES 2024,"2024-25 mandatory joiner (low D/F, announced 2024-01-23)"
101912077,ThomasMiddle,Thomas MS (Thomas Middle School),,NES,NES,,HISD_PR_2024-01-23;HISD_ArcGIS(NES 2024),HISD_ArcGIS_2025-26;HISD_news_nine_2026-27,high,77,NES 2024,"2024-25 mandatory joiner (low D/F, announced 2024-01-23)"
101912374,Tinsley El,Tinsley ES (Tinsley Elementary),,NES,NES,,FOX26_2024-02-09;C2H_2024-02-09;HPM_2024-02-09;HISD_ArcGIS(NES 2024),HISD_ArcGIS_2025-26;HISD_news_nine_2026-27,high,374,NES 2024,2024-25 high-D opt-in (announced 2024-02-09)
101912285,Valley West El,Valley West ES (Valley West Elementary),,NES,NES,,FOX26_2024-02-09;C2H_2024-02-09;HPM_2024-02-09;HISD_ArcGIS(NES 2024),HISD_ArcGIS_2025-26;HISD_news_nine_2026-27,high,285,NES 2024,2024-25 high-D opt-in (announced 2024-02-09)
101912253,Walnut Bend El,Walnut Bend ES (Walnut Bend Elementary),,NES,NES,,HISD_PR_2024-01-23;HISD_ArcGIS(NES 2024),HISD_ArcGIS_2025-26;HISD_news_nine_2026-27,high,253,NES 2024,"2024-25 mandatory joiner (low D/F, announced 2024-01-23)"
101912056,Welch Middle,Welch MS (Welch Middle School),,NES,NES,,HISD_PR_2024-01-23;HISD_ArcGIS(NES 2024),HISD_ArcGIS_2025-26;HISD_news_nine_2026-27,high,56,NES 2024,"2024-25 mandatory joiner (low D/F, announced 2024-01-23)"
101912254,Wesley El,Wesley ES (Wesley Elementary),,NES,NES,,HISD_PR_2024-01-23;HISD_ArcGIS(NES 2024),HISD_ArcGIS_2025-26;HISD_news_nine_2026-27,high,254,NES 2024,"2024-25 mandatory joiner (low D/F, announced 2024-01-23)"
101912017,Westbury H S,Westbury HS (Westbury High School),,NES,NES,,HISD_PR_2024-01-23;HISD_ArcGIS(NES 2024),HISD_ArcGIS_2025-26;HISD_news_nine_2026-27,high,17,NES 2024,"2024-25 mandatory joiner (low D/F, announced 2024-01-23)"
101912127,Woodson School,Woodson (Woodson School),,NES,NES,,HISD_PR_2024-01-23;HISD_ArcGIS(NES 2024),HISD_ArcGIS_2025-26;HISD_news_nine_2026-27,high,127,NES 2024,"2024-25 mandatory joiner (low D/F, announced 2024-01-23)"
