school_year,fund,line,Houston ISD,Dallas ISD,Austin ISD,Fort Worth ISD,Northside ISD,Cypress-Fairbanks ISD,Katy ISD,Fort Bend ISD,State (all LEAs),State (ISDs only)
2024-25,,enrolled_membership,176039,139776,72175,70184,99729,117658,95919,79513,5528915,5092916
2024-25,AF,rev_local_mo_per_student,8329,9466,10242,5808,5032,4044,4350,5078,4776,5181
2024-25,AF,rev_state_oper_per_student,1221,1489,650,5043,4243,4763,6080,4780,5637,5181
2024-25,AF,rev_federal_per_student,2275,2039,1555,1271,1273,1192,769,1223,1471,1451
2024-25,AF,rev_other_local_per_student,842,536,861,466,710,732,796,487,783,782
2024-25,AF,rev_total_oper_per_student,12666,13530,13308,12589,11259,10731,11994,11568,12666,12595
2024-25,AF,rev_local_is_per_student,2055,3148,3113,2057,2519,2348,2332,1910,2096,2273
2024-25,AF,rev_state_debt_per_student,93,138,150,222,240,288,177,238,201,218
2024-25,AF,rev_total_other_per_student,2404,3449,4300,2964,2843,2830,2633,2247,2589,2800
2024-25,AF,recapture_rev_per_student,323,376,10691,74,0,0,0,0,533,576
2024-25,AF,rev_trs_onbehalf_per_student,646,634,719,608,609,599,646,571,588,608
2024-25,AF,rev_debt_fin_per_student,2742,2619,0,1345,2006,3694,2476,834,1023,1111
2024-25,AF,exp_payroll_61_per_student,11130,11503,12443,11164,10352,9384,10617,9740,10147,10283
2024-25,AF,exp_contracted_62_per_student,1893,1067,1243,1432,732,593,501,835,1321,1241
2024-25,AF,exp_supplies_63_per_student,850,1372,804,1069,956,984,947,848,1028,1017
2024-25,AF,exp_otherop_64_per_student,275,268,214,243,237,233,267,228,455,393
2024-25,AF,exp_total_oper_per_student,14147,14210,14703,13908,12278,11194,12333,11651,12951,12933
2024-25,AF,exp_debt_65_per_student,2267,3578,6531,2432,2721,2694,2682,2189,2507,2654
2024-25,AF,exp_capital_66_per_student,597,5482,5611,2624,2196,2689,2957,4341,3506,3805
2024-25,AF,exp_grand_total_per_student,17026,23271,26839,18965,17197,16633,17981,18181,18972,19401
2024-25,AF,f11_instruction_per_student,7996,7206,8035,7463,7125,6934,7731,6526,7064,7116
2024-25,AF,f12_instr_resources_per_student,41,154,156,162,135,36,116,105,114,121
2024-25,AF,f13_curriculum_staffdev_per_student,220,457,495,560,245,202,222,350,296,289
2024-25,AF,f21_instr_leadership_per_student,474,374,298,245,209,119,102,256,227,225
2024-25,AF,f23_school_leadership_per_student,1369,850,895,781,638,572,641,648,752,720
2024-25,AF,f31_guidance_per_student,466,724,699,693,479,492,673,620,537,543
2024-25,AF,f32_social_work_per_student,49,40,73,101,59,7,20,40,40,41
2024-25,AF,f33_health_per_student,161,176,136,174,127,117,124,142,132,136
2024-25,AF,f34_transportation_per_student,305,515,519,305,352,398,301,328,395,407
2024-25,AF,f35_food_per_student,801,785,644,654,624,736,550,490,690,693
2024-25,AF,f36_extracurricular_per_student,216,353,258,335,387,207,331,338,406,426
2024-25,AF,f41_general_admin_per_student,336,439,377,332,180,155,213,263,424,396
2024-25,AF,f51_plant_maint_per_student,1193,1361,1449,1239,1178,772,908,1097,1327,1280
2024-25,AF,f52_security_per_student,191,378,254,422,166,150,175,196,238,241
2024-25,AF,f53_data_processing_per_student,262,267,162,316,212,204,203,228,239,232
2024-25,AF,f61_community_per_student,67,130,251,127,162,92,23,24,67,67
2024-25,AF,pic11_basic_per_student,6281,5619,5715,5794,5402,4794,5803,4915,5229,5204
2024-25,AF,pic21_gt_per_student,50,89,24,48,131,58,62,38,70,75
2024-25,AF,pic22_cte_per_student,353,369,336,356,345,354,390,303,466,479
2024-25,AF,pic23_swd_per_student,2054,1748,3571,1796,2050,1682,2063,2217,1820,1877
2024-25,AF,pic24_comp_ed_per_student,1304,1756,1024,1597,839,850,687,638,1067,1060
2024-25,AF,pic25_bilingual_per_student,217,257,57,221,54,91,188,196,147,146
2024-25,AF,pic91_athletics_per_student,121,210,195,292,186,137,150,157,263,277
2024-25,AF,pic99_unallocated_per_student,3286,3655,3432,3314,3006,2962,2552,2775,3485,3418
2024-25,AF,disb_recapture_per_student,323,376,10691,74,0,0,0,0,533,576
2024-25,AF,disb_total_per_student,17890,23747,37763,19083,17241,16699,18050,18272,19796,20289
2024-25,GF,rev_local_mo_per_student,8329,9466,10242,5808,5032,4044,4350,5078,4773,5179
2024-25,GF,rev_state_oper_per_student,900,1139,563,4634,4101,4571,5898,4509,5388,4934
2024-25,GF,rev_federal_per_student,145,282,140,172,118,84,77,147,205,219
2024-25,GF,rev_other_local_per_student,679,473,590,377,458,444,377,191,500,493
2024-25,GF,rev_total_oper_per_student,10054,11360,11535,10991,9710,9142,10702,9925,10866,10825
2024-25,GF,rev_local_is_per_student,0,0,0,0,0,0,0,0,0,0
2024-25,GF,rev_state_debt_per_student,0,0,0,0,0,0,0,0,0,0
2024-25,GF,rev_total_other_per_student,157,86,859,20,11,140,19,31,191,201
2024-25,GF,recapture_rev_per_student,323,376,10691,74,0,0,0,0,533,576
2024-25,GF,rev_trs_onbehalf_per_student,646,634,719,608,609,599,646,571,583,602
2024-25,GF,rev_debt_fin_per_student,0,0,0,0,0,0,0,0,0,0
2024-25,GF,exp_payroll_61_per_student,9894,10323,11277,10148,9548,8690,10048,9150,9257,9409
2024-25,GF,exp_contracted_62_per_student,1513,961,1073,814,580,498,472,719,1073,1002
2024-25,GF,exp_supplies_63_per_student,223,715,379,599,412,296,412,351,517,506
2024-25,GF,exp_otherop_64_per_student,195,236,196,215,164,155,184,169,380,324
2024-25,GF,exp_total_oper_per_student,11825,12236,12924,11777,10704,9638,11116,10390,11227,11241
2024-25,GF,exp_debt_65_per_student,58,109,80,23,13,69,25,34,129,77
2024-25,GF,exp_capital_66_per_student,182,89,281,255,67,202,36,16,197,214
2024-25,GF,exp_grand_total_per_student,12065,12433,13279,12056,10786,9911,11186,10441,11559,11538
2024-25,GF,f11_instruction_per_student,7092,6678,7592,6846,6554,6380,7370,6163,6446,6516
2024-25,GF,f12_instr_resources_per_student,39,150,154,157,134,36,111,102,107,114
2024-25,GF,f13_curriculum_staffdev_per_student,80,202,217,179,189,78,162,207,182,174
2024-25,GF,f21_instr_leadership_per_student,387,329,260,206,199,75,96,237,186,186
2024-25,GF,f23_school_leadership_per_student,1324,839,879,750,636,562,634,643,729,702
2024-25,GF,f31_guidance_per_student,383,591,626,598,458,436,596,542,432,440
2024-25,GF,f32_social_work_per_student,35,38,61,55,37,6,13,34,27,28
2024-25,GF,f33_health_per_student,148,169,133,174,123,110,123,124,127,131
2024-25,GF,f34_transportation_per_student,283,515,519,305,352,397,301,318,390,402
2024-25,GF,f35_food_per_student,1,1,0,4,6,0,0,1,88,93
2024-25,GF,f36_extracurricular_per_student,145,343,255,321,259,207,236,234,341,358
2024-25,GF,f41_general_admin_per_student,292,396,344,331,180,155,212,262,413,388
2024-25,GF,f51_plant_maint_per_student,1168,1347,1381,1237,1137,762,906,1097,1297,1257
2024-25,GF,f52_security_per_student,166,316,242,237,115,148,146,186,187,190
2024-25,GF,f53_data_processing_per_student,253,267,141,316,211,204,203,228,234,228
2024-25,GF,f61_community_per_student,29,53,119,61,116,82,7,12,35,34
2024-25,GF,pic11_basic_per_student,6152,5494,5707,5620,5301,4557,5662,4796,5064,5053
2024-25,GF,pic21_gt_per_student,50,89,16,44,128,58,61,36,69,74
2024-25,GF,pic22_cte_per_student,339,356,323,341,334,343,382,292,450,463
2024-25,GF,pic23_swd_per_student,1816,1545,3288,1562,1836,1485,1868,1972,1567,1618
2024-25,GF,pic24_comp_ed_per_student,537,998,443,815,507,551,553,415,646,647
2024-25,GF,pic25_bilingual_per_student,160,218,19,164,36,65,158,177,122,121
2024-25,GF,pic91_athletics_per_student,121,207,195,280,185,137,144,157,253,266
2024-25,GF,pic99_unallocated_per_student,2172,2824,2586,2460,2114,2179,1851,2134,2657,2605
2024-25,GF,disb_recapture_per_student,323,376,10691,74,0,0,0,0,533,576
2024-25,GF,disb_total_per_student,12879,12909,24204,12174,10830,9976,11255,10531,12363,12408
2024-25,GF,fb_unassigned_per_student,0,4543,2553,4054,2709,3868,3007,1740,,
2024-25,GF,fb_total_per_student,0,6950,3215,4856,3661,4671,3910,2664,,
2023-24,,enrolled_membership,183603,139096,72739,70903,100600,118187,94589,80034,5516711,5092830
2023-24,AF,rev_local_mo_per_student,8207,8903,9448,5620,4865,3731,4097,4682,4553,4929
2023-24,AF,rev_state_oper_per_student,1399,1700,624,4803,4019,4292,5852,4695,5545,5109
2023-24,AF,rev_federal_per_student,4247,4281,2299,2154,2169,2254,1044,1326,2138,2130
2023-24,AF,rev_other_local_per_student,599,584,922,477,751,699,810,492,801,805
2023-24,AF,rev_total_oper_per_student,14452,15468,13293,13053,11804,10975,11804,11195,13037,12973
2023-24,AF,rev_local_is_per_student,1946,2890,3105,1940,2412,2202,2211,1757,1975,2136
2023-24,AF,rev_state_debt_per_student,98,156,143,210,223,328,241,252,200,217
2023-24,AF,rev_total_other_per_student,2661,3205,3354,2821,2689,2639,2562,2114,2451,2639
2023-24,AF,recapture_rev_per_student,0,320,9140,58,0,0,0,0,488,526
2023-24,AF,rev_trs_onbehalf_per_student,596,593,660,613,573,572,603,523,555,574
2023-24,AF,rev_debt_fin_per_student,121,52,10611,0,424,2818,340,3985,628,681
2023-24,AF,exp_payroll_61_per_student,11015,12476,11807,11238,10543,9532,10133,9631,10075,10211
2023-24,AF,exp_contracted_62_per_student,1993,1314,1439,1384,675,523,498,723,1344,1266
2023-24,AF,exp_supplies_63_per_student,1040,1459,1032,1345,1105,982,998,739,1092,1098
2023-24,AF,exp_otherop_64_per_student,290,270,209,244,226,242,281,220,440,385
2023-24,AF,exp_total_oper_per_student,14337,15519,14487,14211,12550,11279,11910,11313,12950,12960
2023-24,AF,exp_debt_65_per_student,2337,3033,2697,2576,2972,2511,2566,1807,2261,2389
2023-24,AF,exp_capital_66_per_student,1455,4438,1878,1411,2100,2214,2304,1022,2906,3144
2023-24,AF,exp_grand_total_per_student,18150,22990,19064,18199,17624,16047,16789,14142,18125,18501
2023-24,AF,f11_instruction_per_student,8065,7959,7550,7685,7412,7020,7470,6348,7101,7156
2023-24,AF,f12_instr_resources_per_student,82,112,149,171,140,73,118,98,119,127
2023-24,AF,f13_curriculum_staffdev_per_student,336,615,466,675,278,281,237,334,320,314
2023-24,AF,f21_instr_leadership_per_student,462,549,329,267,219,129,119,259,236,234
2023-24,AF,f23_school_leadership_per_student,1197,908,877,775,643,547,622,638,741,713
2023-24,AF,f31_guidance_per_student,452,775,710,740,492,523,634,608,525,533
2023-24,AF,f32_social_work_per_student,138,11,82,140,70,12,18,41,45,46
2023-24,AF,f33_health_per_student,152,176,126,159,134,124,119,141,132,137
2023-24,AF,f34_transportation_per_student,306,543,608,308,362,390,297,340,395,406
2023-24,AF,f35_food_per_student,797,856,646,576,603,624,492,484,683,685
2023-24,AF,f36_extracurricular_per_student,213,376,251,318,374,212,312,319,400,421
2023-24,AF,f41_general_admin_per_student,336,455,419,322,165,173,206,254,427,400
2023-24,AF,f51_plant_maint_per_student,1232,1472,1438,1295,1160,758,887,1041,1303,1275
2023-24,AF,f52_security_per_student,178,296,220,245,116,143,160,169,209,212
2023-24,AF,f53_data_processing_per_student,309,275,360,365,221,172,196,211,241,235
2023-24,AF,f61_community_per_student,85,142,254,170,161,96,25,26,67,67
2023-24,AF,pic11_basic_per_student,6309,6001,5393,5810,5569,5005,5491,4802,5235,5216
2023-24,AF,pic21_gt_per_student,45,93,25,43,128,53,60,40,70,75
2023-24,AF,pic22_cte_per_student,299,391,337,375,339,350,369,291,447,459
2023-24,AF,pic23_swd_per_student,1609,1739,3049,1687,2114,1578,1952,2117,1718,1770
2023-24,AF,pic24_comp_ed_per_student,1721,2433,1013,2193,903,960,765,600,1184,1178
2023-24,AF,pic25_bilingual_per_student,246,259,136,222,65,86,187,177,151,148
2023-24,AF,pic91_athletics_per_student,114,211,182,277,188,140,144,151,257,272
2023-24,AF,pic99_unallocated_per_student,3504,3923,3872,3126,3026,2815,2518,2691,3495,3447
2023-24,AF,disb_recapture_per_student,0,320,9140,58,0,0,0,0,488,526
2023-24,AF,disb_total_per_student,18764,23420,28431,18313,17685,16116,16936,14248,18921,19345
2023-24,GF,rev_local_mo_per_student,8207,8903,9448,5620,4865,3731,4097,4682,4552,4928
2023-24,GF,rev_state_oper_per_student,1144,1540,512,4719,3831,4227,5696,4630,5332,4897
2023-24,GF,rev_federal_per_student,425,770,240,226,225,269,121,119,290,309
2023-24,GF,rev_other_local_per_student,426,520,706,379,501,415,404,207,525,519
2023-24,GF,rev_total_oper_per_student,10202,11733,10907,10943,9422,8642,10319,9638,10699,10653
2023-24,GF,rev_local_is_per_student,0,0,0,0,0,0,0,0,0,0
2023-24,GF,rev_state_debt_per_student,0,0,0,0,0,0,0,0,0,0
2023-24,GF,rev_total_other_per_student,562,73,7,14,4,57,54,35,173,176
2023-24,GF,recapture_rev_per_student,0,320,9140,58,0,0,0,0,488,526
2023-24,GF,rev_trs_onbehalf_per_student,596,593,660,613,573,572,603,523,550,569
2023-24,GF,rev_debt_fin_per_student,0,0,0,0,0,0,0,0,0,0
2023-24,GF,exp_payroll_61_per_student,9066,9976,10727,9697,9142,8240,9475,8737,8837,8989
2023-24,GF,exp_contracted_62_per_student,1088,944,808,884,537,424,461,625,1044,970
2023-24,GF,exp_supplies_63_per_student,268,716,413,912,404,235,435,333,512,518
2023-24,GF,exp_otherop_64_per_student,206,229,175,209,157,160,195,168,362,313
2023-24,GF,exp_total_oper_per_student,10629,11865,12123,11702,10240,9060,10565,9863,10755,10790
2023-24,GF,exp_debt_65_per_student,103,137,6,26,12,39,28,73,121,76
2023-24,GF,exp_capital_66_per_student,467,80,22,170,81,63,105,6,271,293
2023-24,GF,exp_grand_total_per_student,11205,12082,12152,11899,10336,9168,10708,9942,11152,11164
2023-24,GF,f11_instruction_per_student,6016,6502,6910,6659,6231,6197,7012,5819,6156,6226
2023-24,GF,f12_instr_resources_per_student,75,104,147,164,135,72,111,94,108,115
2023-24,GF,f13_curriculum_staffdev_per_student,140,178,212,186,185,114,150,202,176,168
2023-24,GF,f21_instr_leadership_per_student,342,350,283,223,200,88,109,235,183,182
2023-24,GF,f23_school_leadership_per_student,1169,852,863,748,601,540,606,625,708,684
2023-24,GF,f31_guidance_per_student,352,481,552,648,455,212,477,528,393,403
2023-24,GF,f32_social_work_per_student,26,8,68,58,34,4,11,31,24,25
2023-24,GF,f33_health_per_student,132,164,119,156,115,113,117,118,120,124
2023-24,GF,f34_transportation_per_student,284,519,607,307,347,390,297,329,384,395
2023-24,GF,f35_food_per_student,0,0,0,5,5,0,0,0,87,91
2023-24,GF,f36_extracurricular_per_student,136,364,240,306,257,212,227,223,334,352
2023-24,GF,f41_general_admin_per_student,284,400,389,308,161,173,202,251,403,380
2023-24,GF,f51_plant_maint_per_student,1192,1378,1163,1290,1097,546,886,1025,1242,1215
2023-24,GF,f52_security_per_student,170,254,211,233,107,142,159,165,174,177
2023-24,GF,f53_data_processing_per_student,274,266,240,337,206,169,196,209,227,221
2023-24,GF,f61_community_per_student,38,46,121,73,103,87,6,10,33,32
2023-24,GF,pic11_basic_per_student,5711,5431,5373,5682,5160,4315,5293,4682,4903,4903
2023-24,GF,pic21_gt_per_student,44,89,18,41,122,53,59,38,69,73
2023-24,GF,pic22_cte_per_student,274,370,328,361,320,341,360,277,426,438
2023-24,GF,pic23_swd_per_student,1248,1384,2690,1421,1709,1380,1745,1851,1432,1477
2023-24,GF,pic24_comp_ed_per_student,496,1012,412,789,494,530,592,302,623,621
2023-24,GF,pic25_bilingual_per_student,114,199,95,155,44,61,147,113,118,114
2023-24,GF,pic91_athletics_per_student,114,206,182,268,186,140,138,151,247,260
2023-24,GF,pic99_unallocated_per_student,2237,2820,2553,2510,2028,1951,1823,2018,2566,2528
2023-24,GF,disb_recapture_per_student,0,320,9140,58,0,0,0,0,488,526
2023-24,GF,disb_total_per_student,11795,12512,21519,12011,10398,9238,10855,10047,11929,11991
2023-24,GF,fb_unassigned_per_student,3214,4853,3335,4896,2692,3693,2894,1767,,
2023-24,GF,fb_total_per_student,5704,7440,3587,5281,4125,4744,3851,2650,,
2024-25,AF,instruction_share_of_oper_exp_pct,56.52,50.71,54.65,53.66,58.03,61.95,62.69,56.01,54.54,55.02
2024-25,AF,school_leadership_share_pct,9.68,5.98,6.09,5.61,5.2,5.11,5.2,5.56,5.8,5.57
2024-25,AF,general_admin_share_pct,2.38,3.09,2.57,2.39,1.47,1.39,1.72,2.26,3.27,3.06
2024-25,AF,contracted_services_share_pct,13.38,7.51,8.46,10.3,5.97,5.29,4.07,7.17,10.2,9.59
2024-25,AF,admin_cost_ratio_PROXY_(21+41)/(11+12+13+31),0.0929,0.0952,0.072,0.065,0.0487,0.0358,0.0359,0.0683,0.0812,0.077
2024-25,AF,state_oper_share_of_oper_rev_pct,9.64,11.01,4.88,40.06,37.69,44.38,50.69,41.32,44.5,41.14
2024-25,AF,local_mo_share_of_oper_rev_pct,65.76,69.96,76.96,46.14,44.7,37.68,36.26,43.9,37.7,41.14
2024-25,AF,federal_share_of_oper_rev_pct,17.96,15.07,11.68,10.1,11.31,11.11,6.41,10.57,11.61,11.52
2024-25,GF,instruction_share_of_oper_exp_pct,59.98,54.58,58.74,58.13,61.23,66.19,66.3,59.32,57.42,57.97
2024-25,GF,school_leadership_share_pct,11.2,6.86,6.8,6.37,5.94,5.83,5.7,6.19,6.5,6.24
2024-25,GF,general_admin_share_pct,2.47,3.24,2.66,2.81,1.68,1.61,1.91,2.53,3.68,3.45
2024-25,GF,contracted_services_share_pct,12.79,7.85,8.3,6.91,5.42,5.16,4.25,6.92,9.56,8.91
2024-25,GF,admin_cost_ratio_PROXY_(21+41)/(11+12+13+31),0.0893,0.0952,0.0703,0.0691,0.0516,0.0333,0.0375,0.0712,0.0836,0.0792
2024-25,GF,state_oper_share_of_oper_rev_pct,8.95,10.03,4.88,42.16,42.24,50.0,55.11,45.43,49.59,45.58
2024-25,GF,local_mo_share_of_oper_rev_pct,82.85,83.33,88.79,52.84,51.82,44.23,40.64,51.17,43.93,47.84
2024-25,GF,federal_share_of_oper_rev_pct,1.45,2.48,1.21,1.57,1.22,0.92,0.72,1.48,1.88,2.03
