school_year,run_id,run_date,payment_cycle,foundation_allotment,recapture_amount
2018-19,36031,"5/27/2022 10:23 AM",Final,96099912,185111161
2018-19,35591,"4/25/2022 3:54 PM",Final,96099912,185111161
2018-19,28955,"9/1/2020 3:23 PM",Final,94482281,198363209
2018-19,27369,"4/24/2020 5:39 PM",Final,94482281,232817874
2018-19,27231,"4/10/2020 2:48 PM",Final,94482281,232817874
2018-19,27229,"4/10/2020 11:06 AM",Final,94414295,233365032
2018-19,27169,"4/2/2020 9:41 AM",Near Final,94414295,233112188
2018-19,26511,"2/5/2020 8:06 AM",Near Final,94503155,233112188
2018-19,25928,"9/6/2019 2:56 PM",Near Final,90789874,264470497
2018-19,25926,"9/5/2019 9:07 AM",Near Final,91266620,260611152
2018-19,25924,"9/4/2019 1:17 PM",Near Final,91262079,260647595
2018-19,25923,"9/4/2019 1:02 PM",Near Final,92109143,260647595
2018-19,25850,"6/27/2019 5:01 PM",Preliminary,96295940,272729888
2018-19,25842,"6/18/2019 1:37 PM",Preliminary,87238850,272729888
2018-19,25629,"3/14/2019 2:04 PM",Preliminary,87238850,272729888
2018-19,25610,"2/25/2019 9:11 AM",Preliminary,87238850,274261411
2018-19,25581,"2/20/2019 7:56 AM",Preliminary,84825461,274261411
2018-19,25524,"2/8/2019 1:38 PM",Preliminary,84825461,274471057
2018-19,25523,"2/7/2019 1:38 PM",Preliminary,82497514,274471057
2018-19,25522,"2/7/2019 9:31 AM",Preliminary,82497514,299229669
2018-19,25001,"9/20/2018 1:40 PM",Preliminary,82497514,294819181
2018-19,24925,"9/10/2018 3:19 PM",Preliminary,82497514,294819181
2018-19,24924,"9/10/2018 3:10 PM",Preliminary,82477251,294819181
2018-19,24922,"9/10/2018 2:46 PM",Preliminary,82477251,294819181
2018-19,24501,"8/20/2018 10:44 AM",Preliminary,82473834,294819181
2018-19,24061,"6/8/2018 2:32 PM",Preliminary,82473834,294819181
2018-19,23782,"5/15/2018 9:49 AM",Preliminary,80980731,288097515
2018-19,23385,"4/30/2018 11:19 AM",Preliminary,80980731,288097515
2019-20,46374,"2/12/2026 3:22 PM",Final,36329863,74910822
2019-20,42776,"4/5/2024 3:42 PM",Final,36329863,74910822
2019-20,42319,"1/4/2024 1:38 PM",Final,36329863,74910822
2019-20,32469,"7/7/2021 1:47 PM",Final,33921298,74910785
2019-20,32129,"5/27/2021 4:32 PM",Final,33921298,74910786
2019-20,31810,"4/23/2021 8:55 AM",Final,33865423,75861259
2019-20,31670,"4/7/2021 9:51 AM",Final,32901895,92251090
2019-20,31593,"4/2/2021 1:53 PM",Final,32901895,92877493
2019-20,31590,"4/2/2021 9:55 AM",Final,32892507,92160044
2019-20,30179,"11/30/2020 3:49 PM",Near Final,32892507,92160047
2019-20,29709,"10/28/2020 8:48 AM",Near Final,32840499,93044730
2019-20,29610,"10/20/2020 4:13 PM",Near Final,32768276,94273258
2019-20,29512,"10/8/2020 2:22 PM",Near Final,32768276,94273258
2019-20,29229,"9/18/2020 3:37 PM",Near Final,32768276,94273260
2019-20,29211,"9/17/2020 12:05 PM",Near Final,32759549,94421152
2019-20,29189,"9/17/2020 9:25 AM",Near Final,32759514,94421749
2019-20,29135,"9/14/2020 4:08 PM",Near Final,33861571,75675434
2019-20,29133,"9/14/2020 2:58 PM",Near Final,33861571,75675438
2019-20,29031,"9/8/2020 4:47 PM",Near Final,38172185,2351039
2019-20,29015,"9/4/2020 2:48 PM",Near Final,38172185,2351007
2019-20,29013,"9/4/2020 1:42 PM",Near Final,12121060,445526306
2019-20,28995,"9/3/2020 2:06 PM",Near Final,38553949,0
2019-20,28952,"9/1/2020 1:25 PM",Near Final,38570951,0
2019-20,28949,"9/1/2020 10:49 AM",Near Final,38693399,0
2019-20,28709,"8/12/2020 4:21 PM",Preliminary,36780920,0
2019-20,28650,"8/6/2020 1:31 PM",Preliminary,36780920,0
2019-20,28270,"6/29/2020 2:12 PM",Preliminary,36940949,0
2019-20,28211,"6/25/2020 9:13 AM",Preliminary,36940949,0
2019-20,28030,"6/10/2020 4:00 PM",Preliminary,36610507,0
2019-20,27955,"6/5/2020 5:01 PM",Preliminary,36610507,0
2019-20,26929,"3/17/2020 3:45 PM",Preliminary,25294759,0
2019-20,26789,"3/6/2020 11:00 AM",Preliminary,25259788,0
2019-20,26689,"3/4/2020 7:17 AM",Preliminary,25391142,0
2019-20,26650,"2/26/2020 3:37 PM",Preliminary,25391142,0
2019-20,26077,"10/14/2019 9:37 AM",Preliminary,26279076,0
2019-20,25932,"9/10/2019 3:21 PM",Preliminary,26425162,0
2019-20,25931,"9/10/2019 10:51 AM",Preliminary,26420798,0
2019-20,25922,"9/4/2019 11:30 AM",Preliminary,26421295,0
2019-20,25918,"9/3/2019 9:51 AM",Preliminary,114626508,321961618
2019-20,25882,"7/19/2019 4:43 PM",Preliminary,114626508,321961618
2019-20,25676,"5/1/2019 8:50 AM",Preliminary,114626508,321961618
2020-21,46377,"2/12/2026 4:04 PM",Final,40026824,198143910
2020-21,45572,"5/22/2025 9:42 AM",Final,40026824,198143910
2020-21,45568,"5/20/2025 3:50 PM",Final,40026824,198143910
2020-21,36832,"7/18/2022 2:42 PM",Final,34938812,198143888
2020-21,35556,"4/14/2022 5:42 PM",Final,34938812,198143991
2020-21,35552,"4/14/2022 2:40 PM",Final,34921349,197809708
2020-21,33669,"10/4/2021 5:58 PM",Near Final,34921349,197809821
2020-21,33630,"10/1/2021 8:38 AM",Near Final,34921349,197809821
2020-21,33609,"9/30/2021 9:14 AM",Near Final,34921349,197809821
2020-21,33549,"9/24/2021 2:36 PM",Near Final,34921305,197810414
2020-21,33489,"9/23/2021 1:32 PM",Near Final,34921305,197810414
2020-21,33470,"9/23/2021 8:34 AM",Near Final,35151845,194691754
2020-21,33377,"9/16/2021 6:31 AM",Near Final,35151546,194695800
2020-21,33373,"9/15/2021 5:10 PM",Near Final,35269527,193099794
2020-21,33371,"9/15/2021 4:56 PM",Near Final,41507598,133464768
2020-21,33350,"9/14/2021 12:06 PM",Near Final,41507599,133464769
2020-21,33349,"9/14/2021 11:21 AM",Near Final,41507604,133464774
2020-21,33254,"9/10/2021 1:37 PM",Near Final,41507606,133464776
2020-21,33252,"9/10/2021 11:07 AM",Near Final,41513917,133471088
2020-21,33250,"9/10/2021 9:57 AM",Near Final,41518951,133476122
2020-21,33212,"9/9/2021 11:22 AM",Near Final,41518993,133476163
2020-21,33211,"9/9/2021 10:24 AM",Near Final,44914591,202764519
2020-21,33209,"9/9/2021 9:38 AM",Near Final,44914557,202764505
2020-21,33194,"9/8/2021 5:38 PM",Near Final,40892968,294319844
2020-21,33192,"9/8/2021 4:40 PM",Near Final,40888267,294319844
2020-21,33190,"9/8/2021 3:58 PM",Near Final,40587689,294019266
2020-21,33054,"9/8/2021 2:35 PM",Near Final,36765156,290196734
2020-21,32689,"8/3/2021 10:13 AM",Preliminary,38300602,232024087
2020-21,32375,"6/23/2021 12:24 PM",Preliminary,38283342,232024087
2020-21,32230,"6/10/2021 3:09 PM",Preliminary,38283342,218272604
2020-21,32171,"6/2/2021 1:17 PM",Preliminary,38283103,218272652
2020-21,32069,"5/20/2021 2:27 PM",Preliminary,38283103,218272652
2020-21,32010,"5/11/2021 10:58 AM",Preliminary,25868490,218272652
2020-21,31709,"4/9/2021 4:22 PM",Preliminary,25864309,218272732
2020-21,31434,"3/10/2021 4:26 PM",Preliminary,25864309,218272882
2020-21,31415,"3/9/2021 4:36 PM",Preliminary,25864309,218273034
2020-21,31411,"3/9/2021 3:06 PM",Preliminary,24534990,236900657
2020-21,31410,"3/9/2021 2:22 PM",Preliminary,25868143,218219361
2020-21,31369,"3/8/2021 3:30 PM",Preliminary,25868143,218219372
2020-21,31251,"3/1/2021 5:07 PM",Preliminary,25868143,218219383
2020-21,31050,"2/10/2021 4:40 PM",Preliminary,25868143,62413921
2020-21,30976,"2/8/2021 8:47 AM",Preliminary,25868143,62414334
2020-21,30973,"2/4/2021 2:42 PM",Preliminary,25868143,62414335
2020-21,30870,"1/29/2021 12:54 PM",Preliminary,23380973,78950897
2020-21,30612,"1/11/2021 5:08 PM",Preliminary,23380973,79667909
2020-21,30569,"1/5/2021 3:17 PM",Preliminary,23380973,79668749
2020-21,30429,"12/21/2020 11:42 AM",Preliminary,23380973,80896755
2020-21,30309,"12/10/2020 12:06 PM",Preliminary,23380973,80897510
2020-21,30251,"12/4/2020 9:21 AM",Preliminary,23380973,83193692
2020-21,29770,"11/5/2020 9:40 AM",Preliminary,23380973,83192478
2020-21,29631,"10/21/2020 12:26 PM",Preliminary,23385438,83192575
2020-21,29137,"9/15/2020 8:48 AM",Preliminary,23385438,83192575
2020-21,29109,"9/11/2020 3:20 PM",Preliminary,23402653,83192575
2020-21,29049,"9/10/2020 10:21 AM",Preliminary,23393176,83353597
2020-21,28994,"9/3/2020 4:51 PM",Preliminary,23411667,83353597
2020-21,28993,"9/3/2020 10:51 AM",Preliminary,23411667,83353591
2020-21,28970,"9/2/2020 1:49 PM",Preliminary,23411667,83326810
2020-21,28853,"8/24/2020 8:43 PM",Preliminary,22920908,83326827
2020-21,28610,"8/5/2020 2:22 PM",Preliminary,22920908,95674246
2020-21,28372,"7/10/2020 2:18 PM",Preliminary,21969290,30869186
2020-21,28169,"6/19/2020 1:29 PM",Preliminary,21969290,30867661
2020-21,27909,"6/5/2020 3:02 PM",Preliminary,21969290,27017620
2020-21,27750,"5/21/2020 1:25 PM",Preliminary,21969290,27017622
2020-21,27734,"5/20/2020 11:23 AM",Preliminary,21969290,27017622
2020-21,27610,"5/12/2020 9:10 AM",Preliminary,21969290,27017654
2020-21,27589,"5/11/2020 5:14 PM",Preliminary,18751205,84588904
2021-22,46737,"4/29/2026 11:26 AM",Final,35303087,186526636
2021-22,46639,"3/31/2026 4:08 PM",Final,35303087,186526636
2021-22,46580,"3/25/2026 2:58 PM",Final,35303087,186526636
2021-22,40431,"5/3/2023 4:33 PM",Final,31793360,186526718
2021-22,40351,"4/17/2023 6:02 PM",Final,31793319,186497370
2021-22,40331,"4/17/2023 1:56 PM",Final,31781986,186651975
2021-22,40235,"3/29/2023 7:19 PM",Final,31782029,186123756
2021-22,39331,"12/20/2022 10:53 AM",Near Final,31796406,185928258
2021-22,38291,"10/3/2022 9:38 AM",Near Final,31927833,184136019
2021-22,38211,"9/22/2022 1:23 PM",Near Final,31927833,184136019
2021-22,38151,"9/21/2022 9:28 AM",Near Final,31927791,184136589
2021-22,38131,"9/20/2022 9:05 AM",Near Final,31927779,186686861
2021-22,38072,"9/14/2022 8:41 AM",Near Final,32189542,183116988
2021-22,37991,"9/12/2022 4:38 PM",Near Final,32168798,183399047
2021-22,37951,"9/12/2022 11:00 AM",Near Final,32157298,183398890
2021-22,37851,"9/8/2022 2:23 PM",Near Final,32155356,183425378
2021-22,37831,"9/8/2022 1:24 PM",Near Final,29965442,213295151
2021-22,37791,"9/8/2022 10:06 AM",Near Final,29965442,213344942
2021-22,37732,"9/2/2022 3:54 PM",Near Final,31513537,192223674
2021-22,36594,"7/5/2022 4:33 PM",Preliminary,37576731,302746565
2021-22,36371,"6/24/2022 2:29 PM",Preliminary,37359445,302746565
2021-22,36191,"6/10/2022 2:30 PM",Preliminary,23374887,302746565
2021-22,36112,"6/6/2022 11:33 AM",Preliminary,23374887,302746565
2021-22,35795,"5/10/2022 5:49 PM",Preliminary,23374887,278573551
2021-22,35794,"5/10/2022 4:48 PM",Preliminary,23374887,278573551
2021-22,35611,"4/26/2022 9:15 AM",Preliminary,23374887,278573562
2021-22,35511,"4/13/2022 3:42 PM",Preliminary,23374887,279412178
2021-22,35471,"4/8/2022 4:34 PM",Preliminary,23374887,279412178
2021-22,35451,"4/8/2022 12:48 PM",Preliminary,23374887,279412178
2021-22,35291,"3/10/2022 8:30 PM",Preliminary,23374887,199986033
2021-22,35211,"3/2/2022 10:35 AM",Preliminary,23374887,199985725
2021-22,35031,"2/10/2022 4:00 PM",Preliminary,24906823,180212795
2021-22,34991,"2/7/2022 5:26 PM",Preliminary,24906823,180212779
2021-22,34971,"1/27/2022 11:07 AM",Preliminary,23765074,98073992
2021-22,34791,"1/10/2022 3:55 PM",Preliminary,23765074,98983256
2021-22,34631,"12/10/2021 5:37 PM",Preliminary,23765074,98983364
2021-22,34131,"11/3/2021 5:54 PM",Preliminary,23765074,98983397
2021-22,34051,"11/1/2021 12:14 PM",Preliminary,23765074,101650365
2021-22,33749,"10/8/2021 3:09 PM",Preliminary,23765074,101650365
2021-22,33550,"9/24/2021 3:43 PM",Preliminary,23765074,101650364
2021-22,33378,"9/16/2021 6:30 AM",Preliminary,23765851,101650389
2021-22,33332,"9/14/2021 8:35 AM",Preliminary,23894001,100040389
2021-22,33331,"9/13/2021 4:25 PM",Preliminary,23915492,99658728
2021-22,33329,"9/13/2021 12:31 PM",Preliminary,23915492,95802697
2021-22,33309,"9/13/2021 11:35 AM",Preliminary,23911268,95802697
2021-22,33029,"8/31/2021 5:45 PM",Preliminary,23873018,95803011
2021-22,32529,"7/13/2021 12:00 PM",Preliminary,23629527,99238903
2021-22,32329,"6/17/2021 1:52 PM",Preliminary,23629527,99282153
2021-22,32229,"6/10/2021 12:46 PM",Preliminary,23629527,99282153
2021-22,32190,"6/10/2021 11:21 AM",Preliminary,23629527,99282379
2022-23,47041,"7/8/2026 5:08 PM",Final,28652136,275577940
2022-23,47016,"7/1/2026 10:37 AM",Final,28652136,275577940
2022-23,45733,"7/9/2025 10:27 AM",Final,28671184,275327198
2022-23,45671,"6/20/2025 11:06 AM",Final,28671184,275327198
2022-23,43496,"6/17/2024 12:11 PM",Final,24746128,275327222
2022-23,43275,"5/24/2024 8:46 AM",Final,24746159,275094620
2022-23,42995,"5/3/2024 9:00 AM",Final,23512024,273940981
2022-23,42955,"5/1/2024 5:32 PM",Final,23512043,273795662
2022-23,42916,"4/17/2024 6:23 PM",Final,23512040,273821537
2022-23,42915,"4/17/2024 4:47 PM",Final,23500717,273976443
2022-23,42258,"12/13/2023 4:29 PM",Near Final,23500724,273976345
2022-23,42116,"11/16/2023 4:42 PM",Near Final,23500721,273999471
2022-23,42095,"11/16/2023 12:21 PM",Near Final,23500721,273999471
2022-23,41637,"9/29/2023 12:15 PM",Near Final,23500862,273997776
2022-23,41619,"9/27/2023 5:37 PM",Near Final,23500848,273997974
2022-23,41458,"9/13/2023 6:10 PM",Near Final,23500848,273997974
2022-23,41395,"9/11/2023 9:46 AM",Near Final,23500739,274052896
2022-23,41359,"9/7/2023 3:06 PM",Near Final,23675218,271666535
2022-23,41357,"9/6/2023 3:07 PM",Near Final,23605957,271368343
2022-23,41355,"9/6/2023 12:02 PM",Near Final,23606046,271367123
2022-23,41317,"9/1/2023 4:50 PM",Near Final,23622063,271148789
2022-23,41195,"8/10/2023 4:47 PM",Preliminary,52043518,306581207
2022-23,40956,"7/10/2023 4:01 PM",Preliminary,52275521,306581207
2022-23,40917,"7/7/2023 4:22 PM",Preliminary,52414758,306581207
2022-23,40881,"6/28/2023 2:07 PM",Preliminary,53806471,306581207
2022-23,40859,"6/23/2023 2:59 PM",Preliminary,51426604,306581207
2022-23,40737,"6/9/2023 5:12 PM",Preliminary,51430007,306581207
2022-23,40736,"6/9/2023 12:13 PM",Preliminary,51380650,306581278
2022-23,40716,"6/7/2023 9:18 AM",Preliminary,51355960,306133368
2022-23,40655,"6/1/2023 3:59 PM",Preliminary,51355960,306133368
2022-23,40491,"5/10/2023 3:31 PM",Preliminary,50664610,303317276
2022-23,40293,"4/10/2023 4:42 PM",Preliminary,51563954,303317471
2022-23,40151,"3/27/2023 2:19 PM",Preliminary,51714197,303317455
2022-23,40111,"3/20/2023 10:11 AM",Preliminary,51555985,303317455
2022-23,40051,"3/10/2023 3:40 PM",Preliminary,51556208,210916830
2022-23,39971,"3/6/2023 10:33 AM",Preliminary,51558004,210917027
2022-23,39894,"2/27/2023 12:32 PM",Preliminary,51558004,210917027
2022-23,39851,"2/21/2023 11:51 AM",Preliminary,38085177,206255712
2022-23,39791,"2/10/2023 3:55 PM",Preliminary,38091824,206255696
2022-23,39711,"2/6/2023 1:55 PM",Preliminary,38049092,206255810
2022-23,39611,"1/27/2023 9:55 AM",Preliminary,49876683,285783584
2022-23,39455,"1/11/2023 8:26 AM",Preliminary,49876683,288205755
2022-23,39271,"12/12/2022 12:13 PM",Preliminary,50234344,288205919
2022-23,39231,"12/8/2022 4:25 PM",Preliminary,49772866,288207218
2022-23,39211,"12/8/2022 10:44 AM",Preliminary,48533800,288207218
2022-23,38972,"11/10/2022 5:26 PM",Preliminary,48507947,288207201
2022-23,38771,"11/8/2022 9:43 AM",Preliminary,48401731,288207206
2022-23,38432,"10/18/2022 9:28 AM",Preliminary,48401731,288207206
2022-23,38391,"10/11/2022 8:13 AM",Preliminary,69205428,288207206
2022-23,38171,"9/21/2022 11:34 AM",Preliminary,69204774,288207206
2022-23,38091,"9/15/2022 12:22 PM",Preliminary,67226176,290781377
2022-23,38071,"9/13/2022 2:43 PM",Preliminary,66903607,290781377
2022-23,37993,"9/13/2022 9:14 AM",Preliminary,66709097,290586867
2022-23,37975,"9/12/2022 3:15 PM",Preliminary,66697014,290586867
2022-23,37731,"9/2/2022 2:11 PM",Preliminary,73168734,290993729
2022-23,37537,"8/22/2022 11:28 AM",Preliminary,73168884,290993877
2022-23,36991,"7/27/2022 8:45 AM",Preliminary,73168883,290993877
2022-23,36931,"7/22/2022 3:58 PM",Preliminary,73168883,290993877
2022-23,36853,"7/19/2022 10:03 AM",Preliminary,73166620,290991743
2022-23,36411,"6/27/2022 11:30 AM",Preliminary,72933978,290991743
2022-23,36372,"6/27/2022 10:48 AM",Preliminary,151494821,369552586
2023-24,46845,"5/29/2026 11:09 AM",Final,181536284,0
2023-24,46386,"2/13/2026 11:50 AM",Final,181536284,0
2023-24,46164,"11/25/2025 12:54 PM",Final,181536284,0
2023-24,45422,"4/16/2025 4:16 PM",Final,134910080,0
2023-24,45403,"4/14/2025 3:39 PM",Final,135550347,0
2023-24,45386,"4/10/2025 8:48 AM",Final,135326298,0
2023-24,45361,"4/2/2025 1:37 PM",Final,135330900,0
2023-24,44677,"10/24/2024 12:01 PM",Near Final,135332616,0
2023-24,44535,"10/8/2024 1:43 PM",Near Final,135335758,0
2023-24,44358,"9/20/2024 2:31 PM",Near Final,135335758,0
2023-24,44296,"9/18/2024 8:47 AM",Near Final,135326665,0
2023-24,44136,"9/10/2024 8:35 AM",Near Final,138288853,0
2023-24,44116,"9/9/2024 9:05 AM",Near Final,138288185,0
2023-24,44098,"9/6/2024 9:59 AM",Near Final,138957942,0
2023-24,44055,"9/4/2024 2:51 PM",Near Final,138759324,0
2023-24,43855,"8/9/2024 3:40 PM",Preliminary,115046292,0
2023-24,43616,"7/11/2024 3:56 PM",Preliminary,54081994,39517120
2023-24,43495,"6/17/2024 5:35 PM",Preliminary,54081994,39673445
2023-24,43435,"6/11/2024 1:23 PM",Preliminary,58659064,39673445
2023-24,43379,"6/10/2024 11:31 AM",Preliminary,58659059,39186658
2023-24,43336,"6/4/2024 2:38 PM",Preliminary,32876179,39186658
2023-24,43118,"5/10/2024 5:30 PM",Preliminary,27889739,39156478
2023-24,42856,"4/11/2024 8:44 AM",Preliminary,27889756,39156799
2023-24,42775,"4/4/2024 2:25 PM",Preliminary,27889756,39156816
2023-24,42761,"4/3/2024 3:54 PM",Preliminary,27889756,40620140
2023-24,42757,"4/2/2024 11:48 AM",Preliminary,27889721,40620140
2023-24,42602,"3/11/2024 3:06 PM",Preliminary,27889721,40620140
2023-24,42601,"3/8/2024 12:03 PM",Preliminary,27889673,40620230
2023-24,42498,"2/9/2024 6:30 PM",Preliminary,28565389,46192311
2023-24,42496,"2/9/2024 4:56 PM",Preliminary,28565364,46192721
2023-24,42495,"2/9/2024 3:40 PM",Preliminary,28565364,46687544
2023-24,42395,"1/10/2024 5:10 PM",Preliminary,38353686,0
2023-24,42235,"12/11/2023 4:12 PM",Preliminary,38352871,0
2023-24,42201,"12/1/2023 11:55 AM",Preliminary,38351878,0
2023-24,42199,"12/1/2023 10:17 AM",Preliminary,38351878,0
2023-24,41995,"11/10/2023 5:16 PM",Preliminary,38351878,0
2023-24,41736,"10/10/2023 5:09 PM",Preliminary,38351962,0
2023-24,41655,"9/29/2023 2:32 PM",Preliminary,38351632,0
2023-24,41578,"9/22/2023 1:39 PM",Preliminary,38351632,0
2023-24,41457,"9/14/2023 10:40 AM",Preliminary,38351206,0
2023-24,41436,"9/12/2023 4:35 PM",Preliminary,38353272,0
2023-24,41416,"9/11/2023 3:42 PM",Preliminary,38261106,0
2023-24,41360,"9/7/2023 3:23 PM",Preliminary,33840755,0
2023-24,41356,"9/6/2023 3:49 PM",Preliminary,33841107,0
2023-24,41316,"9/5/2023 3:49 PM",Preliminary,33843931,0
2023-24,41015,"7/21/2023 12:56 PM",Preliminary,27635859,335100982
2023-24,40915,"7/7/2023 4:23 PM",Preliminary,27634813,335112588
2023-24,40896,"6/28/2023 10:58 AM",Preliminary,27630513,335158211
2023-24,40797,"6/21/2023 12:09 PM",Preliminary,27630513,335158211
2024-25,46849,"5/29/2026 3:01 PM",Final,47469617,49122872
2024-25,46700,"4/16/2026 2:24 PM",Final,47469617,49122872
2024-25,46699,"4/16/2026 11:13 AM",Final,47432736,49505537
2024-25,46696,"4/15/2026 1:58 PM",Final,47433112,48864551
2024-25,46033,"10/17/2025 1:49 PM",Near Final,47526639,55549094
2024-25,45935,"9/19/2025 2:46 PM",Near Final,47526639,55549094
2024-25,45927,"9/12/2025 11:26 AM",Near Final,47537392,55556560
2024-25,45925,"9/12/2025 8:51 AM",Near Final,47633768,54559275
2024-25,45921,"9/11/2025 2:16 PM",Near Final,47572700,53192346
2024-25,45917,"9/10/2025 4:43 PM",Near Final,48389534,54081299
2024-25,45913,"9/10/2025 8:05 AM",Near Final,48290360,54337043
2024-25,45685,"6/30/2025 8:39 AM",Preliminary,45101700,49869859
2024-25,45681,"6/25/2025 1:48 PM",Preliminary,45872678,49869859
2024-25,45643,"6/10/2025 5:27 PM",Preliminary,44354007,48473814
2024-25,45642,"6/10/2025 3:51 PM",Preliminary,44353997,48473869
2024-25,45577,"5/22/2025 3:58 PM",Preliminary,44353997,48093394
2024-25,45543,"5/15/2025 12:08 PM",Preliminary,26209856,48093394
2024-25,45523,"5/9/2025 1:39 PM",Preliminary,26209856,48300179
2024-25,45446,"4/22/2025 1:34 PM",Preliminary,26209876,48300559
2024-25,45387,"4/10/2025 1:46 PM",Preliminary,26209876,48300559
2024-25,45383,"4/8/2025 4:26 PM",Preliminary,26209875,48300552
2024-25,45301,"3/21/2025 2:40 PM",Preliminary,26209875,48340085
2024-25,45241,"3/10/2025 3:37 PM",Preliminary,26209832,50183755
2024-25,45221,"3/7/2025 4:09 PM",Preliminary,26209754,50183614
2024-25,45055,"2/10/2025 4:18 PM",Preliminary,27663461,64463347
2024-25,45035,"2/7/2025 4:18 PM",Preliminary,27663443,64463710
2024-25,45015,"1/29/2025 8:21 AM",Preliminary,25748641,64088089
2024-25,44935,"1/10/2025 4:28 PM",Preliminary,25748641,64770347
2024-25,44855,"12/10/2024 4:58 PM",Preliminary,25748615,64770985
2024-25,44735,"11/8/2024 4:38 PM",Preliminary,25748579,64772858
2024-25,44615,"10/17/2024 4:01 PM",Preliminary,25748618,64772533
2024-25,44558,"10/10/2024 3:56 PM",Preliminary,25748618,64772533
2024-25,44359,"9/20/2024 3:46 PM",Preliminary,25748508,64773829
2024-25,44236,"9/12/2024 3:41 PM",Preliminary,25752196,64740214
2024-25,44235,"9/12/2024 9:38 AM",Preliminary,25752772,64735194
2024-25,44175,"9/11/2024 10:52 AM",Preliminary,25682176,64903218
2024-25,44156,"9/10/2024 2:56 PM",Preliminary,25682181,64903163
2024-25,43775,"7/25/2024 5:01 PM",Preliminary,25779176,157727757
2024-25,43716,"7/19/2024 2:04 PM",Preliminary,25779176,157727757
2024-25,43556,"7/9/2024 10:04 AM",Preliminary,25778037,157741942
2024-25,43537,"7/2/2024 2:16 PM",Preliminary,25720734,158147040
2025-26,47299,"10/1/2026 10:51 AM",Near Final,199765826,0
2025-26,47242,"9/16/2026 5:18 PM",Near Final,190153662,0
2025-26,47219,"9/10/2026 10:43 AM",Near Final,199318760,0
2025-26,47218,"9/9/2026 6:15 PM",Near Final,199769319,0
2025-26,47207,"9/4/2026 4:58 PM",Near Final,193449616,0
2025-26,47202,"9/3/2026 8:40 AM",Near Final,201802904,0
2025-26,47176,"8/21/2026 12:11 PM",Preliminary,100020560,0
2025-26,47136,"8/11/2026 3:30 PM",Preliminary,83065861,0
2025-26,47058,"7/14/2026 9:44 AM",Preliminary,83067744,0
2025-26,47050,"7/10/2026 4:20 PM",Preliminary,83067744,0
2025-26,47038,"7/10/2026 8:23 AM",Preliminary,83067761,0
2025-26,46904,"6/10/2026 6:17 PM",Preliminary,83067761,0
2025-26,46903,"6/10/2026 5:28 PM",Preliminary,74611834,0
2025-26,46901,"6/10/2026 3:52 PM",Preliminary,75153704,0
2025-26,46846,"5/29/2026 2:24 PM",Preliminary,74863006,0
2025-26,46778,"5/11/2026 4:15 PM",Preliminary,74863042,0
2025-26,46765,"5/7/2026 5:00 PM",Preliminary,123928942,0
2025-26,46501,"3/12/2026 4:32 PM",Preliminary,127096855,0
2025-26,46495,"3/11/2026 8:38 AM",Preliminary,124046362,0
2025-26,46494,"3/10/2026 11:01 AM",Preliminary,124046361,0
2025-26,46474,"3/3/2026 12:25 PM",Preliminary,148284038,0
2025-26,46398,"2/17/2026 7:17 PM",Preliminary,174622841,0
2025-26,46353,"2/10/2026 4:03 PM",Preliminary,174622841,0
2025-26,46334,"2/6/2026 3:59 PM",Preliminary,174503239,0
2025-26,46314,"2/3/2026 10:52 AM",Preliminary,295383946,0
2025-26,46255,"1/15/2026 5:01 PM",Preliminary,295383947,0
2025-26,46235,"1/9/2026 4:43 PM",Preliminary,297611036,0
2025-26,46194,"12/10/2025 1:55 PM",Preliminary,297524406,0
2025-26,46165,"11/25/2025 4:30 PM",Preliminary,297413865,0
2025-26,46154,"11/24/2025 11:58 AM",Preliminary,297413865,0
2025-26,46114,"11/10/2025 4:19 PM",Preliminary,334395332,0
2025-26,46093,"11/7/2025 3:39 PM",Preliminary,334404543,0
2025-26,46013,"10/10/2025 2:13 PM",Preliminary,332648718,0
2025-26,45985,"10/6/2025 3:44 PM",Preliminary,334671777,0
2025-26,45973,"9/30/2025 12:13 PM",Preliminary,335849777,0
2025-26,45933,"9/17/2025 5:26 PM",Preliminary,335860579,0
2025-26,45930,"9/12/2025 5:04 PM",Preliminary,141232402,0
2025-26,45929,"9/12/2025 3:02 PM",Preliminary,139639054,0
2025-26,45926,"9/11/2025 6:17 PM",Preliminary,142183389,0
2025-26,45923,"9/11/2025 2:44 PM",Preliminary,20599632,44963834
2025-26,45811,"8/7/2025 10:34 AM",Preliminary,177555087,0
2025-26,45764,"7/22/2025 1:25 PM",Preliminary,177571176,0
2025-26,45760,"7/16/2025 12:42 PM",Preliminary,177571176,0
2025-26,45724,"7/8/2025 3:23 PM",Preliminary,177558377,0
2025-26,45721,"7/7/2025 2:21 PM",Preliminary,18909351,125486500
2026-27,47318,"10/7/2026 10:35 AM",Preliminary,163814364,0
2026-27,47239,"9/14/2026 4:38 PM",Preliminary,159234702,0
2026-27,47229,"9/11/2026 5:18 PM",Preliminary,31684500,22988406
2026-27,47228,"9/11/2026 2:34 PM",Preliminary,31733110,25490806
2026-27,47225,"9/11/2026 10:07 AM",Preliminary,29433926,40329040
2026-27,47068,"7/17/2026 4:50 PM",Preliminary,30320624,80730966
2026-27,47060,"7/14/2026 4:16 PM",Preliminary,30320624,80774471
2026-27,46996,"6/30/2026 10:05 AM",Preliminary,30320624,80774471
2026-27,46976,"6/26/2026 2:04 PM",Preliminary,30037769,82467511
