item,SY2024-25 Final,SY2025-26 Near-Final,SY2026-27 Preliminary
Refined ADA,156870.772,150014.18,148533.31
WADA,229410.254,221658.897,217925.522
PEIMS enrollment,176727,167571,167571
Basic Allotment,6160,6215,6215
M&O tax rate,0.7016,0.7116,0.7048
Tier One M&O tax rate,0.6516,0.6322,0.6254
M&O tax collections,1473715072,1478056004,1436740407
I&S tax collections,358819317,352658965,365354688
Regular Program Allotment,896892520,858516930,847849181
Special Education Allotment,139227705,148871015,120830103
Dyslexia Allotment,5162080,5290208,5101272
Compensatory Education Allotment,220368839,210176126,210282261
Bilingual Education Allotment,38584351,35306052,38276531
Career & Technology Allotment,60489861,61565471,71910689
Early Education Allotment,36306703,35898777,17185589
Full-Day Pre-K Distribution,,,21455510
Gifted & Talented Allotment,3311465,3213984,3128113
CCMR Outcomes Bonus,6386000,7138000,7524000
Teacher Incentive Allotment,510864,11255032,15043486
Teacher Retention Allotment,,29500000,29500000
Support Staff Retention Allotment,,5730329,5653089
School Safety Allotment,5538696,11956758,11956758
Allotment for Basic Costs,,17762526,17762526
Special Ed FIIE Allotment,,3853000,3853000
Transportation Allotment,7125821,10777588,10777588
Dropout Recovery/Residential Allotment,160501,126379,166284
College Prep Assessment Reimbursement,379197,591029,591029
Certification Exam Reimbursement,0,436052,436052
Total Cost of Tier One,1420445215,1457965256,1439283060
Local Fund Assignment,-1543784154,-1484030761,-1481013340
ASF per-capita distribution,-101406956,-73856799,-102590637
Tier Two,26673074,36803382,31040001
Other Programs,27865623,173091164,128194701
Foundation School Fund (199/5812),47469617,199765826,159234702
Available School Fund (199/5811),101406956,73856799,102590637
Instructional Materials & Tech Fund (410/5829),7069080,10128720,0
ASAHE for facilities (I&S),16074409,29916718,12427195
TOTAL FSP/ASF STATE AID,172020062,313668063,274252534
Recapture (local revenue in excess of entitlement),-49122872,0,0
OP: Supplemental TIF/TIRZ payment 48.253,17373163,16954699,0
OP: Ad valorem tax refunds 48.2541,735221,825822,825822
OP: Elderly/disabled homestead limitation 48.2542,2837383,74395711,65750347
OP: Districts impacted by compression 48.283,0,41473261,32309548
OP: No longer subject to recapture 48.257(b-1),,29500000,29500000
OP: State-approved instructional materials 48.307,7069080,6752480,0
OP: OER instructional materials 48.308,0,3376240,0
OP: TSBVI,-50901,-89726,-97230
OP: TSD,-87549,-86548,-93787
