school_year,cdn,entity,teachers_fte,prof_support_fte,campus_admin_fte,central_admin_fte,aides_fte,auxiliary_fte,professional_fte,all_staff_fte,contracted_instr_fte,students_per_teacher,teacher_avg_salary,prof_support_avg_salary,campus_admin_avg_salary,central_admin_avg_salary,beginning_teacher_avg_salary,teacher_1_5yr_avg_salary,teacher_6_10yr_avg_salary,teacher_11_20yr_avg_salary,teacher_21_30yr_avg_salary,teacher_30plus_avg_salary,teacher_avg_years_exp,teacher_avg_years_with_district,principal_avg_years_exp,teacher_turnover_rate,beginning_teacher_pct,teacher_no_degree_pct,membership,econ_disadv,emergent_bilingual,special_ed,at_risk,econ_disadv_pct,emergent_bilingual_pct,special_ed_pct,at_risk_pct,central_admin_fte_per_1000_students,campus_admin_fte_per_1000_students,prof_support_fte_per_1000_students,teachers_fte_per_1000_students,all_staff_fte_per_1000_students
2024-25,101912,Houston ISD,10589.9,3849.1,898.7,71.0,1451.1,6664.2,15408.7,23524.0,403.0,16.6,73604.0,85002.0,117069.0,122897.0,66987.0,72028.0,73943.0,75187.0,77905.0,82999.0,10.1,7.1,4.1,32.2,12.1,7.0,176039.0,136980.0,68977.0,20238.0,119245.0,77.8,39.2,11.5,67.7,0.4,5.11,21.87,60.16,133.63
2024-25,057905,Dallas ISD,9379.9,2381.0,707.6,271.0,2193.9,5346.0,12739.5,20279.4,0.0,14.9,70337.0,82893.0,100716.0,117026.0,60406.0,65366.0,71753.0,74576.0,75737.0,75268.0,10.3,8.2,6.1,16.6,4.4,3.0,139776.0,124782.0,70412.0,16862.0,105085.0,89.3,50.4,12.1,75.2,1.94,5.06,17.03,67.11,145.08
2024-25,227901,Austin ISD,5176.1,1279.8,331.1,55.0,1225.1,2738.4,6842.0,10805.5,0.0,13.9,63367.0,79283.0,88788.0,147169.0,54565.0,58210.0,62233.0,67736.0,73174.0,78101.0,10.2,7.7,5.9,17.9,10.1,1.4,72175.0,36886.0,22667.0,13265.0,34988.0,51.1,31.4,18.4,48.5,0.76,4.59,17.73,71.72,149.71
2024-25,220905,Fort Worth ISD,4721.8,1305.1,419.0,85.0,746.7,2111.3,6530.9,9389.0,0.0,14.9,69118.0,79971.0,94487.0,124921.0,51483.0,65113.0,67747.0,71211.0,75801.0,87127.0,12.2,9.0,7.3,17.3,6.3,1.2,70184.0,58305.0,29555.0,9903.0,51634.0,83.1,42.1,14.1,73.6,1.21,5.97,18.6,67.28,133.78
2024-25,015915,Northside ISD,7075.1,1457.7,296.8,26.0,0.0,4683.0,8855.6,13538.6,0.0,14.1,65350.0,72171.0,92656.0,177941.0,60699.0,61996.0,63995.0,66447.0,69930.0,74385.0,12.0,8.6,6.9,13.0,3.4,1.8,99729.0,49800.0,13697.0,17119.0,52936.0,49.9,13.7,17.2,53.1,0.26,2.98,14.62,70.94,135.75
2024-25,101907,Cypress-Fairbanks ISD,7664.1,1605.0,418.9,90.5,2226.9,3724.1,9778.5,15729.5,0.0,15.4,68146.0,77307.0,91845.0,128176.0,51012.0,64202.0,67075.0,71072.0,77154.0,85119.0,10.9,7.6,7.8,17.7,6.5,1.7,117658.0,69291.0,24897.0,16375.0,63058.0,58.9,21.2,13.9,53.6,0.77,3.56,13.64,65.14,133.69
2024-25,101914,Katy ISD,6913.4,1282.5,400.2,55.9,1554.0,3157.2,8651.9,13363.1,38.9,13.9,69235.0,83586.0,92645.0,145184.0,59495.0,65986.0,68214.0,71608.0,75634.0,80892.0,11.3,6.7,7.6,13.6,7.9,0.3,95919.0,40974.0,23448.0,17040.0,42119.0,42.7,24.4,17.8,43.9,0.58,4.17,13.37,72.08,139.32
2024-25,079907,Fort Bend ISD,4958.5,1254.2,333.5,64.1,1153.7,2673.3,6610.2,10437.2,15.0,16.0,69752.0,82728.0,96879.0,150250.0,50801.0,63824.0,67982.0,72957.0,79627.0,84306.0,11.7,7.1,7.0,15.6,6.0,0.8,79513.0,37807.0,16116.0,12273.0,31724.0,47.5,20.3,15.4,39.9,0.81,4.19,15.77,62.36,131.26
2024-25,STATE,State,369689.2,82751.4,25687.5,9554.2,81972.7,195202.8,487682.3,764857.7,1637.7,15.0,63751.0,75909.0,88786.0,118447.0,55689.0,59266.0,62607.0,66353.0,70976.0,75042.0,11.2,7.0,6.0,18.8,7.3,2.4,,,,,,,,,,,,,,
2023-24,101912,Houston ISD,11378.4,4616.5,851.6,104.0,1317.0,7290.7,16950.5,25558.2,415.0,16.1,67073.0,78421.0,97656.0,116344.0,60583.0,63328.0,65460.0,68749.0,74707.0,81557.0,11.0,7.8,4.8,19.7,10.6,8.1,183603.0,146131.0,71651.0,18693.0,120373.0,79.6,39.0,10.2,65.6,0.57,4.64,25.14,61.97,139.2
2023-24,057905,Dallas ISD,10257.4,2459.1,793.7,272.1,2221.1,5445.6,13782.3,21449.0,0.0,13.6,68699.0,81873.0,95444.0,113592.0,60399.0,64247.0,70325.0,73136.0,74317.0,74907.0,9.9,7.8,6.0,16.8,8.9,3.1,139096.0,121301.0,70264.0,16514.0,102409.0,87.2,50.5,11.9,73.6,1.96,5.71,17.68,73.74,154.2
2023-24,227901,Austin ISD,5092.8,1179.7,331.7,49.8,1172.1,2638.5,6654.0,10464.6,0.0,14.3,60821.0,76273.0,85844.0,152707.0,53194.0,57170.0,60720.0,63913.0,67868.0,75899.0,10.1,7.7,5.6,17.7,14.0,1.0,72739.0,36532.0,22848.0,11888.0,33293.0,50.2,31.4,16.3,45.8,0.68,4.56,16.22,70.01,143.87
2023-24,220905,Fort Worth ISD,4807.2,1546.6,411.8,95.1,756.4,2243.8,6860.6,9860.9,0.0,14.7,68963.0,78218.0,93911.0,124648.0,60364.0,64176.0,66368.0,70482.0,75192.0,89436.0,12.0,9.0,7.6,16.9,6.0,0.8,70903.0,58471.0,29225.0,8997.0,53450.0,82.5,41.2,12.7,75.4,1.34,5.81,21.81,67.8,139.08
2023-24,015915,Northside ISD,6920.4,1799.5,278.1,34.5,1205.2,3353.7,9032.5,13591.4,0.0,14.5,63927.0,68947.0,91953.0,159622.0,59862.0,60674.0,62547.0,65140.0,68568.0,72603.0,11.8,8.5,6.7,14.4,4.9,1.6,100600.0,52723.0,13393.0,15978.0,53444.0,52.4,13.3,15.9,53.1,0.34,2.76,17.89,68.79,135.1
2023-24,101907,Cypress-Fairbanks ISD,8050.5,1782.5,416.2,101.8,2262.6,3720.0,10351.0,16333.6,0.0,14.7,66873.0,76185.0,91303.0,124843.0,52574.0,63309.0,66169.0,70076.0,76461.0,84575.0,10.4,7.3,7.6,17.5,8.9,1.6,118187.0,71031.0,24498.0,15098.0,60978.0,60.1,20.7,12.8,51.6,0.86,3.52,15.08,68.12,138.2
2023-24,101914,Katy ISD,6762.0,1267.8,494.7,56.7,1474.7,2910.1,8581.3,12966.1,20.6,14.0,66897.0,81115.0,86608.0,141976.0,56491.0,63632.0,66225.0,69781.0,73746.0,80633.0,10.9,6.5,7.2,15.7,9.5,0.3,94589.0,41587.0,24178.0,15289.0,41921.0,44.0,25.6,16.2,44.3,0.6,5.23,13.4,71.49,137.08
2023-24,079907,Fort Bend ISD,4907.5,1255.5,341.0,60.0,1001.7,2607.8,6564.0,10173.5,15.0,16.3,65480.0,78762.0,92070.0,142351.0,54430.0,61234.0,64802.0,68556.0,72889.0,78202.0,11.1,7.2,6.9,18.1,9.5,1.0,80034.0,39671.0,17404.0,11128.0,34237.0,49.6,21.7,13.9,42.8,0.75,4.26,15.69,61.32,127.11
2023-24,STATE,State,374799.9,86026.7,25836.1,9488.3,88200.6,191530.9,496151.0,775882.5,1970.1,14.7,62474.0,73783.0,86738.0,116028.0,54272.0,58185.0,61494.0,65219.0,69723.0,74014.0,11.1,6.9,6.0,19.1,8.7,2.5,,,,,,,,,,,,,,
2022-23,101912,Houston ISD,10543.4,3616.5,580.9,118.0,1373.2,8219.5,14858.8,24451.4,437.0,18.0,64954.0,77968.0,100128.0,120940.0,54587.0,59862.0,63198.0,67346.0,73557.0,81283.0,11.6,8.4,5.8,22.3,7.2,6.8,189290.0,150505.0,70125.0,17320.0,122934.0,79.5,37.0,9.1,64.9,0.62,3.07,19.11,55.7,129.17
2022-23,057905,Dallas ISD,9934.4,2367.9,977.8,399.1,2092.1,5230.6,13679.2,21002.0,0.0,14.2,67039.0,81020.0,89571.0,102107.0,59078.0,63266.0,68768.0,71010.0,71931.0,73311.0,9.9,7.8,6.3,20.1,11.9,3.3,141042.0,119771.0,68821.0,15652.0,91999.0,84.9,48.8,11.1,65.2,2.83,6.93,16.79,70.44,148.91
2022-23,227901,Austin ISD,4433.6,860.6,298.8,50.0,1038.5,2493.4,5643.0,9174.9,0.0,16.5,58510.0,75879.0,90917.0,149621.0,52804.0,55611.0,58286.0,59544.0,63581.0,72794.0,10.8,8.4,5.4,32.0,10.5,1.6,73198.0,37724.0,22343.0,10128.0,34330.0,51.5,30.5,13.8,46.9,0.68,4.08,11.76,60.57,125.34
2022-23,220905,Fort Worth ISD,4927.8,1565.5,435.6,77.9,767.6,2181.9,7006.8,9956.3,0.0,14.7,67082.0,77976.0,90917.0,115922.0,59657.0,62237.0,64780.0,68784.0,73662.0,89437.0,11.6,8.7,7.5,20.8,9.5,0.7,72637.0,61421.0,28407.0,8438.0,55571.0,84.6,39.1,11.6,76.5,1.07,6.0,21.55,67.84,137.07
2022-23,015915,Northside ISD,6870.9,1747.9,274.1,35.0,1096.5,3165.1,8927.9,13189.5,0.0,14.9,61041.0,66705.0,89943.0,155087.0,56749.0,57925.0,59476.0,62081.0,66182.0,70342.0,11.8,8.7,6.7,14.2,4.4,1.5,102169.0,55487.0,12283.0,14983.0,54558.0,54.3,12.0,14.7,53.4,0.34,2.68,17.11,67.25,129.09
2022-23,101907,Cypress-Fairbanks ISD,7842.9,1665.3,390.9,98.1,2088.6,3568.2,9997.2,15654.0,0.0,15.0,65538.0,75056.0,90365.0,120830.0,51704.0,62022.0,64838.0,68625.0,75047.0,82798.0,10.5,7.4,8.2,18.3,9.5,0.9,117686.0,68376.0,22278.0,13484.0,61834.0,58.1,18.9,11.5,52.5,0.83,3.32,14.15,66.64,133.01
2022-23,101914,Katy ISD,6447.4,1150.5,495.5,79.0,1323.7,2815.4,8172.4,12311.5,15.3,14.3,65202.0,77331.0,83658.0,124841.0,56568.0,61894.0,64494.0,67971.0,72123.0,79072.0,10.7,6.5,7.9,16.8,10.4,0.3,92431.0,40153.0,21713.0,13467.0,42889.0,43.4,23.5,14.6,46.4,0.85,5.36,12.45,69.75,133.2
2022-23,079907,Fort Bend ISD,4788.0,1365.1,341.2,48.1,1033.8,2637.3,6542.4,10213.6,16.7,16.6,65493.0,78991.0,91975.0,146590.0,49884.0,60617.0,65310.0,68795.0,73547.0,78989.0,11.2,7.3,6.7,21.1,6.5,0.5,79482.0,39999.0,16392.0,9687.0,33143.0,50.3,20.6,12.2,41.7,0.61,4.29,17.17,60.24,128.5
2022-23,STATE,State,371646.7,82878.8,25300.5,9500.8,86185.9,188216.7,489326.8,763729.4,2105.4,14.8,60717.0,72022.0,85167.0,112702.0,53300.0,56516.0,59732.0,63389.0,67876.0,72560.0,11.0,6.9,6.1,21.4,9.7,2.0,5504150.0,3415987.0,1269408.0,693061.0,2935164.0,62.1,23.1,12.6,53.3,1.73,4.6,15.06,67.52,138.76
2021-22,101912,Houston ISD,10619.5,3437.0,530.0,152.2,1187.9,7789.6,14738.7,23716.2,448.0,18.2,59161.0,68227.0,87547.0,111993.0,50771.0,54286.0,57353.0,60989.0,68443.0,77981.0,11.3,8.3,5.7,22.4,7.4,1.2,193727.0,153505.0,68051.0,16287.0,119170.0,79.2,35.1,8.4,61.5,0.79,2.74,17.74,54.82,122.42
2021-22,057905,Dallas ISD,9873.5,2316.4,733.8,275.2,2122.5,5143.3,13198.9,20464.7,0.0,14.5,64020.0,78383.0,90129.0,105071.0,53484.0,59293.0,65777.0,68130.0,69071.0,72138.0,10.4,8.2,6.2,17.8,6.9,2.5,143430.0,122040.0,68250.0,14316.0,95247.0,85.1,47.6,10.0,66.4,1.92,5.12,16.15,68.84,142.68
2021-22,227901,Austin ISD,5227.8,1113.0,327.5,62.0,1069.5,2765.0,6730.2,10564.8,15.0,13.8,56424.0,74370.0,91811.0,152198.0,50931.0,53753.0,55764.0,56873.0,61418.0,71664.0,10.4,7.9,6.6,18.1,6.4,1.1,71883.0,36609.0,21072.0,9396.0,36747.0,50.9,29.3,13.1,51.1,0.86,4.56,15.48,72.73,146.97
2021-22,220905,Fort Worth ISD,5069.5,1501.8,290.0,46.2,763.8,2262.7,6907.5,9933.9,9.0,14.7,65389.0,74664.0,90564.0,147572.0,59238.0,60487.0,62573.0,66828.0,71671.0,88793.0,11.7,8.9,7.0,17.6,5.3,0.8,74326.0,63294.0,27947.0,7923.0,57417.0,85.2,37.6,10.7,77.3,0.62,3.9,20.21,68.21,133.65
2021-22,015915,Northside ISD,6792.2,1699.3,281.0,39.5,1062.3,3170.1,8812.0,13044.4,0.0,15.0,61396.0,65324.0,87936.0,145450.0,57356.0,58230.0,59831.0,62357.0,66354.0,71291.0,11.8,8.9,7.1,12.9,5.4,1.3,101584.0,49699.0,10690.0,13879.0,63730.0,48.9,10.5,13.7,62.7,0.39,2.77,16.73,66.86,128.41
2021-22,101907,Cypress-Fairbanks ISD,7682.2,1613.7,398.9,98.6,1978.6,3676.3,9793.3,15448.3,0.0,15.2,64910.0,74363.0,89369.0,122333.0,51656.0,60701.0,63986.0,67549.0,74143.0,82106.0,10.7,7.8,8.3,14.3,6.8,2.2,116913.0,67400.0,19531.0,12153.0,64054.0,57.6,16.7,10.4,54.8,0.84,3.41,13.8,65.71,132.14
2021-22,101914,Katy ISD,6080.6,1296.3,282.7,63.8,1285.2,2814.3,7723.4,11823.0,53.9,14.5,62499.0,73165.0,91552.0,125602.0,59802.0,58660.0,61081.0,63856.0,68732.0,76775.0,11.1,6.8,7.8,13.1,6.9,0.2,88165.0,35102.0,18445.0,11725.0,36412.0,39.8,20.9,13.3,41.3,0.72,3.21,14.7,68.97,134.1
2021-22,079907,Fort Bend ISD,5002.6,1331.3,258.9,41.8,1034.7,2724.0,6634.6,10393.3,21.5,15.3,65212.0,77524.0,96816.0,151424.0,51319.0,61114.0,64575.0,68197.0,73094.0,78016.0,10.9,7.2,6.3,16.0,6.5,0.3,76543.0,36597.0,14196.0,8607.0,32830.0,47.8,18.5,11.2,42.9,0.55,3.38,17.39,65.36,135.78
2021-22,STATE,State,369695.8,80190.4,22091.4,8654.8,82972.4,185868.6,480632.3,749473.4,2113.6,14.6,58887.0,69505.0,84990.0,112797.0,51054.0,54577.0,57746.0,61377.0,65949.0,71111.0,11.1,7.2,6.3,17.7,7.9,1.4,5402928.0,3278452.0,1171661.0,624256.0,2892191.0,60.7,21.7,11.6,53.5,1.6,4.09,14.84,68.43,138.72
2020-21,101912,Houston ISD,11254.4,3334.6,553.1,153.0,1262.1,7862.3,15295.2,24419.6,500.8,17.5,56664.0,67555.0,84936.0,112148.0,49883.0,52090.0,55000.0,58262.0,66050.0,76208.0,10.8,8.0,6.0,18.8,9.3,8.2,196550.0,154356.0,65609.0,16056.0,103615.0,78.5,33.4,8.2,52.7,0.78,2.81,16.97,57.26,124.24
2020-21,057905,Dallas ISD,10265.9,2352.9,975.6,261.0,2148.6,5273.8,13855.4,21277.8,0.0,14.1,63183.0,77752.0,84428.0,102213.0,55554.0,59275.0,64955.0,66681.0,67284.0,71421.0,9.9,7.7,6.2,13.8,7.8,2.2,145105.0,123479.0,67584.0,14142.0,90142.0,85.1,46.6,9.7,62.1,1.8,6.72,16.22,70.75,146.64
2020-21,227901,Austin ISD,5503.2,1197.8,326.1,46.0,1019.5,2846.9,7073.1,10939.5,12.0,13.6,55849.0,70375.0,87650.0,151266.0,51231.0,53287.0,54961.0,56111.0,61468.0,70749.0,10.7,8.3,6.4,13.1,6.3,0.8,74725.0,38786.0,21089.0,9952.0,35275.0,51.9,28.2,13.3,47.2,0.62,4.36,16.03,73.65,146.4
2020-21,220905,Fort Worth ISD,5488.2,1659.2,315.9,42.4,802.6,2330.0,7505.6,10638.3,0.0,14.0,62422.0,73440.0,88106.0,142272.0,55984.0,57585.0,59747.0,64109.0,69440.0,87678.0,11.2,8.4,7.1,15.2,6.3,0.8,76754.0,65592.0,27243.0,7953.0,54210.0,85.5,35.5,10.4,70.6,0.55,4.12,21.62,71.5,138.6
2020-21,015915,Northside ISD,6844.9,1608.7,299.8,39.5,1079.0,3433.9,8792.9,13305.8,0.0,15.0,59728.0,64258.0,85729.0,137464.0,55263.0,56544.0,58141.0,60582.0,64653.0,71029.0,11.9,8.9,7.3,9.1,3.7,0.7,102644.0,47413.0,10901.0,13857.0,50569.0,46.2,10.6,13.5,49.3,0.38,2.92,15.67,66.69,129.63
2020-21,101907,Cypress-Fairbanks ISD,7659.4,1602.3,397.1,99.0,1914.1,3822.7,9757.7,15494.5,0.0,15.0,62727.0,71618.0,85489.0,114213.0,55068.0,58570.0,61414.0,64767.0,71406.0,79346.0,10.6,7.7,7.6,12.2,8.1,0.6,114560.0,62863.0,17101.0,11474.0,55061.0,54.9,14.9,10.0,48.1,0.86,3.47,13.99,66.86,135.25
2020-21,101914,Katy ISD,5881.8,1202.5,271.0,62.0,1278.9,2850.3,7417.2,11546.4,23.2,14.3,60958.0,73211.0,91573.0,125414.0,57282.0,57025.0,59736.0,62364.0,67635.0,75679.0,11.1,6.8,8.5,11.4,6.8,0.1,83999.0,28916.0,15889.0,10634.0,31136.0,34.4,18.9,12.7,37.1,0.74,3.23,14.32,70.02,137.46
2020-21,079907,Fort Bend ISD,5034.6,1323.1,250.0,46.0,1087.9,2926.2,6653.7,10667.7,19.8,15.2,61432.0,74921.0,94289.0,151545.0,55732.0,56902.0,60029.0,63926.0,68449.0,75665.0,10.7,7.1,6.3,12.8,7.3,0.2,76469.0,32330.0,12931.0,8256.0,30247.0,42.3,16.9,10.8,39.6,0.6,3.27,17.3,65.84,139.5
2020-21,STATE,State,369395.4,78787.8,22378.5,8657.4,79348.7,186748.5,479219.1,745316.3,5731.4,14.5,57641.0,68030.0,83424.0,109662.0,50849.0,53288.0,56282.0,59900.0,64637.0,69974.0,11.2,7.2,6.4,14.3,6.7,1.2,5359040.0,3229178.0,1108207.0,595885.0,2634284.0,60.3,20.7,11.1,49.2,1.62,4.18,14.7,68.93,139.08
2019-20,101912,Houston ISD,11283.1,2978.5,570.8,137.1,1310.1,8048.5,14969.7,24328.2,473.8,18.6,56340.0,68826.0,84846.0,112512.0,47742.0,51911.0,54839.0,57993.0,,,10.8,8.0,6.0,20.3,8.6,5.9,209309.0,165888.0,71156.0,16559.0,148690.0,79.3,34.0,7.9,71.0,0.66,2.73,14.23,53.91,116.23
2019-20,057905,Dallas ISD,9989.5,2256.7,948.7,209.6,2126.1,5352.5,13404.5,20883.1,0.0,15.4,60146.0,76337.0,81806.0,105574.0,53154.0,56667.0,61464.0,63019.0,,,10.0,7.7,6.1,17.6,8.1,3.1,153784.0,132066.0,70080.0,14437.0,100289.0,85.9,45.6,9.4,65.2,1.36,6.17,14.67,64.96,135.8
2019-20,227901,Austin ISD,5477.3,1019.7,324.4,45.0,1018.4,3119.6,6866.4,11004.5,15.5,14.7,54707.0,65508.0,85796.0,140938.0,51427.0,52651.0,53549.0,54894.0,,,10.0,8.1,5.8,17.5,13.0,0.4,80718.0,42766.0,22745.0,10345.0,39943.0,53.0,28.2,12.8,49.5,0.56,4.02,12.63,67.86,136.33
2019-20,220905,Fort Worth ISD,5569.2,1600.2,319.5,47.4,828.5,2489.1,7536.3,10853.9,0.0,14.9,61997.0,71055.0,86556.0,131155.0,55917.0,57197.0,60097.0,63407.0,,,11.1,8.3,6.9,16.7,6.1,0.8,82704.0,69579.0,28303.0,8042.0,53778.0,84.1,34.2,9.7,65.0,0.57,3.86,19.35,67.34,131.24
2019-20,015915,Northside ISD,7001.9,1568.6,293.9,40.0,1124.5,3615.0,8904.4,13643.9,0.0,15.3,60091.0,64630.0,86662.0,136104.0,55606.0,56952.0,58451.0,60974.0,,,11.6,8.6,6.9,10.2,3.6,0.5,107135.0,51179.0,10573.0,13851.0,49052.0,47.8,9.9,12.9,45.8,0.37,2.74,14.64,65.36,127.35
2019-20,101907,Cypress-Fairbanks ISD,7375.2,1510.5,392.4,93.6,1766.7,3950.2,9371.7,15088.6,0.0,15.9,61723.0,70717.0,85169.0,113948.0,52710.0,57639.0,60312.0,63656.0,,,10.8,7.8,7.3,12.8,7.4,1.3,117120.0,63578.0,16299.0,10917.0,55202.0,54.3,13.9,9.3,47.1,0.8,3.35,12.9,62.97,128.83
2019-20,101914,Katy ISD,5602.6,1114.3,256.0,65.0,1166.7,2813.1,7037.9,11017.7,57.4,14.9,60577.0,72676.0,89626.0,124705.0,54472.0,56753.0,59382.0,62082.0,,,11.1,6.8,8.4,11.5,6.2,0.1,83241.0,27193.0,15582.0,9933.0,33470.0,32.7,18.7,11.9,40.2,0.78,3.08,13.39,67.31,132.36
2019-20,079907,Fort Bend ISD,4855.8,1307.9,246.0,45.0,1047.9,2722.2,6454.7,10224.8,17.3,16.0,61724.0,73721.0,94884.0,146986.0,51124.0,57411.0,60322.0,64203.0,,,11.0,7.0,6.3,16.0,4.7,0.2,77575.0,33776.0,12362.0,7752.0,31766.0,43.5,15.9,10.0,40.9,0.58,3.17,16.86,62.59,131.81
2019-20,STATE,State,363121.3,74698.8,21960.1,8352.3,78096.8,188497.2,468132.4,734726.4,6309.0,15.1,57091.0,67352.0,82512.0,108367.0,49868.0,52823.0,55756.0,59308.0,,,11.1,7.2,6.2,16.8,7.4,1.3,5479173.0,3303974.0,1112674.0,577868.0,2773390.0,60.3,20.3,10.5,50.6,1.52,4.01,13.63,66.27,134.09
2018-19,101912,Houston ISD,11464.7,2926.5,586.4,138.0,1288.4,8272.4,15115.6,24676.3,594.8,18.2,54125.0,67225.0,84319.0,113874.0,47385.0,50369.0,53128.0,55304.0,,,10.6,7.9,6.3,19.1,8.1,4.6,209040.0,167106.0,66394.0,15469.0,136566.0,79.9,31.8,7.4,65.3,0.66,2.81,14.0,54.84,118.05
2018-19,057905,Dallas ISD,10000.9,2128.5,953.5,216.7,1946.9,5180.7,13299.6,20427.2,0.0,15.5,58012.0,71640.0,76687.0,96338.0,51471.0,54919.0,59296.0,60407.0,,,9.9,7.6,5.7,19.1,8.7,2.9,155030.0,133678.0,69224.0,13709.0,97476.0,86.2,44.7,8.8,62.9,1.4,6.15,13.73,64.51,131.76
2018-19,227901,Austin ISD,5534.6,1077.6,337.9,44.0,946.5,3158.2,6994.2,11098.8,5.5,14.4,51464.0,61372.0,79618.0,133727.0,48927.0,49451.0,49945.0,51430.0,,,10.5,8.2,6.2,15.6,10.7,0.7,79787.0,42655.0,21694.0,9542.0,39448.0,53.5,27.2,12.0,49.4,0.55,4.24,13.51,69.37,139.11
2018-19,220905,Fort Worth ISD,5778.2,1538.6,316.4,48.5,871.5,2466.2,7681.7,11019.4,0.0,14.6,58418.0,68536.0,84388.0,133552.0,53074.0,53960.0,55749.0,59846.0,,,10.9,8.1,7.1,16.4,6.2,0.7,84332.0,72355.0,27662.0,7628.0,54834.0,85.8,32.8,9.0,65.0,0.58,3.75,18.24,68.52,130.67
2018-19,015915,Northside ISD,6962.3,1520.8,301.0,43.0,1086.4,3584.3,8827.1,13497.8,0.0,15.2,57685.0,62340.0,84316.0,120949.0,54132.0,54772.0,56044.0,58471.0,,,11.5,8.5,6.7,9.8,4.4,0.5,105797.0,52367.0,9786.0,12831.0,49842.0,49.5,9.2,12.1,47.1,0.41,2.85,14.37,65.81,127.58
2018-19,101907,Cypress-Fairbanks ISD,7261.9,1450.4,385.8,91.3,1750.4,3878.9,9189.5,14818.7,0.0,16.0,60258.0,69165.0,83798.0,113415.0,52792.0,56508.0,58744.0,62056.0,,,10.6,7.7,7.2,12.6,7.5,1.0,116245.0,63399.0,16524.0,9744.0,54047.0,54.5,14.2,8.4,46.5,0.79,3.32,12.48,62.47,127.48
2018-19,101914,Katy ISD,5273.9,1042.3,243.9,62.8,1006.0,2643.9,6623.0,10272.9,39.7,15.1,58308.0,69992.0,85806.0,123797.0,54510.0,53862.0,56641.0,59812.0,,,11.3,6.9,7.9,11.2,5.0,0.1,79710.0,25154.0,13452.0,8464.0,31487.0,31.6,16.9,10.6,39.5,0.79,3.06,13.08,66.16,128.88
2018-19,079907,Fort Bend ISD,4639.1,1258.5,239.5,47.0,861.4,2902.9,6184.1,9948.4,15.5,16.3,58924.0,70258.0,91521.0,135693.0,45980.0,54985.0,57557.0,60996.0,,,11.3,7.5,6.3,13.9,3.7,0.3,75797.0,32738.0,12041.0,6583.0,30376.0,43.2,15.9,8.7,40.1,0.62,3.16,16.6,61.2,131.25
2018-19,STATE,State,358450.1,72848.5,21812.7,8268.8,74292.4,183830.1,461380.1,719502.5,6043.6,15.1,54122.0,64069.0,78947.0,103400.0,47218.0,50408.0,52786.0,56041.0,,,11.1,7.2,6.3,16.5,7.0,1.4,5416400.0,3283812.0,1054596.0,521908.0,2713848.0,60.6,19.5,9.6,50.1,1.53,4.03,13.45,66.18,132.84
